freq,alpha,chord,velocity,displacement,sound_pressure,thickness,camber
800,0.0,0.3048,71.3,0.00266337,126.201,0.036576,0.006096000000000001
1000,0.0,0.3048,71.3,0.00266337,125.201,0.036576,0.006096000000000001
1250,0.0,0.3048,71.3,0.00266337,125.951,0.036576,0.006096000000000001
1600,0.0,0.3048,71.3,0.00266337,127.591,0.036576,0.006096000000000001
2000,0.0,0.3048,71.3,0.00266337,127.461,0.036576,0.006096000000000001
2500,0.0,0.3048,71.3,0.00266337,125.571,0.036576,0.006096000000000001
3150,0.0,0.3048,71.3,0.00266337,125.201,0.036576,0.006096000000000001
4000,0.0,0.3048,71.3,0.00266337,123.061,0.036576,0.006096000000000001
5000,0.0,0.3048,71.3,0.00266337,121.301,0.036576,0.006096000000000001
6300,0.0,0.3048,71.3,0.00266337,119.541,0.036576,0.006096000000000001
8000,0.0,0.3048,71.3,0.00266337,117.151,0.036576,0.006096000000000001
10000,0.0,0.3048,71.3,0.00266337,115.391,0.036576,0.006096000000000001
12500,0.0,0.3048,71.3,0.00266337,112.241,0.036576,0.006096000000000001
16000,0.0,0.3048,71.3,0.00266337,108.721,0.036576,0.006096000000000001
500,0.0,0.3048,55.5,0.00283081,126.416,0.036576,0.006096000000000001
630,0.0,0.3048,55.5,0.00283081,127.696,0.036576,0.006096000000000001
800,0.0,0.3048,55.5,0.00283081,128.086,0.036576,0.006096000000000001
1000,0.0,0.3048,55.5,0.00283081,126.966,0.036576,0.006096000000000001
1250,0.0,0.3048,55.5,0.00283081,126.086,0.036576,0.006096000000000001
1600,0.0,0.3048,55.5,0.00283081,126.986,0.036576,0.006096000000000001
2000,0.0,0.3048,55.5,0.00283081,126.616,0.036576,0.006096000000000001
2500,0.0,0.3048,55.5,0.00283081,124.106,0.036576,0.006096000000000001
3150,0.0,0.3048,55.5,0.00283081,123.236,0.036576,0.006096000000000001
4000,0.0,0.3048,55.5,0.00283081,121.106,0.036576,0.006096000000000001
5000,0.0,0.3048,55.5,0.00283081,119.606,0.036576,0.006096000000000001
6300,0.0,0.3048,55.5,0.00283081,117.976,0.036576,0.006096000000000001
8000,0.0,0.3048,55.5,0.00283081,116.476,0.036576,0.006096000000000001
10000,0.0,0.3048,55.5,0.00283081,113.076,0.036576,0.006096000000000001
12500,0.0,0.3048,55.5,0.00283081,111.076,0.036576,0.006096000000000001
200,0.0,0.3048,39.6,0.00310138,118.129,0.036576,0.006096000000000001
250,0.0,0.3048,39.6,0.00310138,119.319,0.036576,0.006096000000000001
315,0.0,0.3048,39.6,0.00310138,122.779,0.036576,0.006096000000000001
400,0.0,0.3048,39.6,0.00310138,124.809,0.036576,0.006096000000000001
500,0.0,0.3048,39.6,0.00310138,126.959,0.036576,0.006096000000000001
630,0.0,0.3048,39.6,0.00310138,128.629,0.036576,0.006096000000000001
800,0.0,0.3048,39.6,0.00310138,129.099,0.036576,0.006096000000000001
1000,0.0,0.3048,39.6,0.00310138,127.899,0.036576,0.006096000000000001
1250,0.0,0.3048,39.6,0.00310138,125.499,0.036576,0.006096000000000001
1600,0.0,0.3048,39.6,0.00310138,124.049,0.036576,0.006096000000000001
2000,0.0,0.3048,39.6,0.00310138,123.689,0.036576,0.006096000000000001
2500,0.0,0.3048,39.6,0.00310138,121.399,0.036576,0.006096000000000001
3150,0.0,0.3048,39.6,0.00310138,120.319,0.036576,0.006096000000000001
4000,0.0,0.3048,39.6,0.00310138,119.229,0.036576,0.006096000000000001
5000,0.0,0.3048,39.6,0.00310138,117.789,0.036576,0.006096000000000001
6300,0.0,0.3048,39.6,0.00310138,116.229,0.036576,0.006096000000000001
8000,0.0,0.3048,39.6,0.00310138,114.779,0.036576,0.006096000000000001
10000,0.0,0.3048,39.6,0.00310138,112.139,0.036576,0.006096000000000001
12500,0.0,0.3048,39.6,0.00310138,109.619,0.036576,0.006096000000000001
200,0.0,0.3048,31.7,0.00331266,117.195,0.036576,0.006096000000000001
250,0.0,0.3048,31.7,0.00331266,118.595,0.036576,0.006096000000000001
315,0.0,0.3048,31.7,0.00331266,122.765,0.036576,0.006096000000000001
400,0.0,0.3048,31.7,0.00331266,125.045,0.036576,0.006096000000000001
500,0.0,0.3048,31.7,0.00331266,127.315,0.036576,0.006096000000000001
630,0.0,0.3048,31.7,0.00331266,129.095,0.036576,0.006096000000000001
800,0.0,0.3048,31.7,0.00331266,129.235,0.036576,0.006096000000000001
1000,0.0,0.3048,31.7,0.00331266,127.365,0.036576,0.006096000000000001
1250,0.0,0.3048,31.7,0.00331266,124.355,0.036576,0.006096000000000001
1600,0.0,0.3048,31.7,0.00331266,122.365,0.036576,0.006096000000000001
2000,0.0,0.3048,31.7,0.00331266,122.375,0.036576,0.006096000000000001
2500,0.0,0.3048,31.7,0.00331266,120.755,0.036576,0.006096000000000001
3150,0.0,0.3048,31.7,0.00331266,119.135,0.036576,0.006096000000000001
4000,0.0,0.3048,31.7,0.00331266,118.145,0.036576,0.006096000000000001
5000,0.0,0.3048,31.7,0.00331266,115.645,0.036576,0.006096000000000001
6300,0.0,0.3048,31.7,0.00331266,113.775,0.036576,0.006096000000000001
8000,0.0,0.3048,31.7,0.00331266,110.515,0.036576,0.006096000000000001
10000,0.0,0.3048,31.7,0.00331266,108.265,0.036576,0.006096000000000001
800,1.5,0.3048,71.3,0.00336729,127.122,0.036576,0.006096000000000001
1000,1.5,0.3048,71.3,0.00336729,125.992,0.036576,0.006096000000000001
1250,1.5,0.3048,71.3,0.00336729,125.872,0.036576,0.006096000000000001
1600,1.5,0.3048,71.3,0.00336729,126.632,0.036576,0.006096000000000001
2000,1.5,0.3048,71.3,0.00336729,126.642,0.036576,0.006096000000000001
2500,1.5,0.3048,71.3,0.00336729,124.512,0.036576,0.006096000000000001
3150,1.5,0.3048,71.3,0.00336729,123.392,0.036576,0.006096000000000001
4000,1.5,0.3048,71.3,0.00336729,121.762,0.036576,0.006096000000000001
5000,1.5,0.3048,71.3,0.00336729,119.632,0.036576,0.006096000000000001
6300,1.5,0.3048,71.3,0.00336729,118.122,0.036576,0.006096000000000001
8000,1.5,0.3048,71.3,0.00336729,115.372,0.036576,0.006096000000000001
10000,1.5,0.3048,71.3,0.00336729,113.492,0.036576,0.006096000000000001
12500,1.5,0.3048,71.3,0.00336729,109.222,0.036576,0.006096000000000001
16000,1.5,0.3048,71.3,0.00336729,106.582,0.036576,0.006096000000000001
315,1.5,0.3048,39.6,0.00392107,121.851,0.036576,0.006096000000000001
400,1.5,0.3048,39.6,0.00392107,124.001,0.036576,0.006096000000000001
500,1.5,0.3048,39.6,0.00392107,126.661,0.036576,0.006096000000000001
630,1.5,0.3048,39.6,0.00392107,128.311,0.036576,0.006096000000000001
800,1.5,0.3048,39.6,0.00392107,128.831,0.036576,0.006096000000000001
1000,1.5,0.3048,39.6,0.00392107,127.581,0.036576,0.006096000000000001
1250,1.5,0.3048,39.6,0.00392107,125.211,0.036576,0.006096000000000001
1600,1.5,0.3048,39.6,0.00392107,122.211,0.036576,0.006096000000000001
2000,1.5,0.3048,39.6,0.00392107,122.101,0.036576,0.006096000000000001
2500,1.5,0.3048,39.6,0.00392107,120.981,0.036576,0.006096000000000001
3150,1.5,0.3048,39.6,0.00392107,119.111,0.036576,0.006096000000000001
4000,1.5,0.3048,39.6,0.00392107,117.741,0.036576,0.006096000000000001
5000,1.5,0.3048,39.6,0.00392107,116.241,0.036576,0.006096000000000001
6300,1.5,0.3048,39.6,0.00392107,114.751,0.036576,0.006096000000000001
8000,1.5,0.3048,39.6,0.00392107,112.251,0.036576,0.006096000000000001
10000,1.5,0.3048,39.6,0.00392107,108.991,0.036576,0.006096000000000001
12500,1.5,0.3048,39.6,0.00392107,106.111,0.036576,0.006096000000000001
400,3.0,0.3048,71.3,0.00425727,127.564,0.036576,0.006096000000000001
500,3.0,0.3048,71.3,0.00425727,128.454,0.036576,0.006096000000000001
630,3.0,0.3048,71.3,0.00425727,129.354,0.036576,0.006096000000000001
800,3.0,0.3048,71.3,0.00425727,129.494,0.036576,0.006096000000000001
1000,3.0,0.3048,71.3,0.00425727,129.004,0.036576,0.006096000000000001
1250,3.0,0.3048,71.3,0.00425727,127.634,0.036576,0.006096000000000001
1600,3.0,0.3048,71.3,0.00425727,126.514,0.036576,0.006096000000000001
2000,3.0,0.3048,71.3,0.00425727,125.524,0.036576,0.006096000000000001
2500,3.0,0.3048,71.3,0.00425727,124.024,0.036576,0.006096000000000001
3150,3.0,0.3048,71.3,0.00425727,121.514,0.036576,0.006096000000000001
4000,3.0,0.3048,71.3,0.00425727,120.264,0.036576,0.006096000000000001
5000,3.0,0.3048,71.3,0.00425727,118.134,0.036576,0.006096000000000001
6300,3.0,0.3048,71.3,0.00425727,116.134,0.036576,0.006096000000000001
8000,3.0,0.3048,71.3,0.00425727,114.634,0.036576,0.006096000000000001
10000,3.0,0.3048,71.3,0.00425727,110.224,0.036576,0.006096000000000001
400,3.0,0.3048,55.5,0.00452492,126.159,0.036576,0.006096000000000001
500,3.0,0.3048,55.5,0.00452492,128.179,0.036576,0.006096000000000001
630,3.0,0.3048,55.5,0.00452492,129.569,0.036576,0.006096000000000001
800,3.0,0.3048,55.5,0.00452492,129.949,0.036576,0.006096000000000001
1000,3.0,0.3048,55.5,0.00452492,129.329,0.036576,0.006096000000000001
1250,3.0,0.3048,55.5,0.00452492,127.329,0.036576,0.006096000000000001
1600,3.0,0.3048,55.5,0.00452492,124.439,0.036576,0.006096000000000001
2000,3.0,0.3048,55.5,0.00452492,123.069,0.036576,0.006096000000000001
2500,3.0,0.3048,55.5,0.00452492,122.439,0.036576,0.006096000000000001
3150,3.0,0.3048,55.5,0.00452492,120.189,0.036576,0.006096000000000001
4000,3.0,0.3048,55.5,0.00452492,118.689,0.036576,0.006096000000000001
5000,3.0,0.3048,55.5,0.00452492,117.309,0.036576,0.006096000000000001
6300,3.0,0.3048,55.5,0.00452492,115.679,0.036576,0.006096000000000001
8000,3.0,0.3048,55.5,0.00452492,113.799,0.036576,0.006096000000000001
10000,3.0,0.3048,55.5,0.00452492,112.169,0.036576,0.006096000000000001
315,3.0,0.3048,39.6,0.00495741,123.312,0.036576,0.006096000000000001
400,3.0,0.3048,39.6,0.00495741,125.472,0.036576,0.006096000000000001
500,3.0,0.3048,39.6,0.00495741,127.632,0.036576,0.006096000000000001
630,3.0,0.3048,39.6,0.00495741,129.292,0.036576,0.006096000000000001
800,3.0,0.3048,39.6,0.00495741,129.552,0.036576,0.006096000000000001
1000,3.0,0.3048,39.6,0.00495741,128.312,0.036576,0.006096000000000001
1250,3.0,0.3048,39.6,0.00495741,125.802,0.036576,0.006096000000000001
1600,3.0,0.3048,39.6,0.00495741,122.782,0.036576,0.006096000000000001
2000,3.0,0.3048,39.6,0.00495741,120.532,0.036576,0.006096000000000001
2500,3.0,0.3048,39.6,0.00495741,120.162,0.036576,0.006096000000000001
3150,3.0,0.3048,39.6,0.00495741,118.922,0.036576,0.006096000000000001
4000,3.0,0.3048,39.6,0.00495741,116.792,0.036576,0.006096000000000001
5000,3.0,0.3048,39.6,0.00495741,115.792,0.036576,0.006096000000000001
6300,3.0,0.3048,39.6,0.00495741,114.042,0.036576,0.006096000000000001
8000,3.0,0.3048,39.6,0.00495741,110.652,0.036576,0.006096000000000001
315,3.0,0.3048,31.7,0.00529514,123.118,0.036576,0.006096000000000001
400,3.0,0.3048,31.7,0.00529514,125.398,0.036576,0.006096000000000001
500,3.0,0.3048,31.7,0.00529514,127.548,0.036576,0.006096000000000001
630,3.0,0.3048,31.7,0.00529514,128.698,0.036576,0.006096000000000001
800,3.0,0.3048,31.7,0.00529514,128.708,0.036576,0.006096000000000001
1000,3.0,0.3048,31.7,0.00529514,126.838,0.036576,0.006096000000000001
1250,3.0,0.3048,31.7,0.00529514,124.838,0.036576,0.006096000000000001
1600,3.0,0.3048,31.7,0.00529514,122.088,0.036576,0.006096000000000001
2000,3.0,0.3048,31.7,0.00529514,120.088,0.036576,0.006096000000000001
2500,3.0,0.3048,31.7,0.00529514,119.598,0.036576,0.006096000000000001
3150,3.0,0.3048,31.7,0.00529514,118.108,0.036576,0.006096000000000001
4000,3.0,0.3048,31.7,0.00529514,115.608,0.036576,0.006096000000000001
5000,3.0,0.3048,31.7,0.00529514,113.858,0.036576,0.006096000000000001
6300,3.0,0.3048,31.7,0.00529514,109.718,0.036576,0.006096000000000001
250,4.0,0.3048,71.3,0.00497773,126.395,0.036576,0.006096000000000001
315,4.0,0.3048,71.3,0.00497773,128.175,0.036576,0.006096000000000001
400,4.0,0.3048,71.3,0.00497773,129.575,0.036576,0.006096000000000001
500,4.0,0.3048,71.3,0.00497773,130.715,0.036576,0.006096000000000001
630,4.0,0.3048,71.3,0.00497773,131.615,0.036576,0.006096000000000001
800,4.0,0.3048,71.3,0.00497773,131.755,0.036576,0.006096000000000001
1000,4.0,0.3048,71.3,0.00497773,131.015,0.036576,0.006096000000000001
1250,4.0,0.3048,71.3,0.00497773,129.395,0.036576,0.006096000000000001
1600,4.0,0.3048,71.3,0.00497773,126.645,0.036576,0.006096000000000001
2000,4.0,0.3048,71.3,0.00497773,124.395,0.036576,0.006096000000000001
2500,4.0,0.3048,71.3,0.00497773,123.775,0.036576,0.006096000000000001
3150,4.0,0.3048,71.3,0.00497773,121.775,0.036576,0.006096000000000001
4000,4.0,0.3048,71.3,0.00497773,119.535,0.036576,0.006096000000000001
5000,4.0,0.3048,71.3,0.00497773,117.785,0.036576,0.006096000000000001
6300,4.0,0.3048,71.3,0.00497773,116.165,0.036576,0.006096000000000001
8000,4.0,0.3048,71.3,0.00497773,113.665,0.036576,0.006096000000000001
10000,4.0,0.3048,71.3,0.00497773,110.905,0.036576,0.006096000000000001
12500,4.0,0.3048,71.3,0.00497773,107.405,0.036576,0.006096000000000001
250,4.0,0.3048,39.6,0.00579636,123.543,0.036576,0.006096000000000001
315,4.0,0.3048,39.6,0.00579636,126.843,0.036576,0.006096000000000001
400,4.0,0.3048,39.6,0.00579636,128.633,0.036576,0.006096000000000001
500,4.0,0.3048,39.6,0.00579636,130.173,0.036576,0.006096000000000001
630,4.0,0.3048,39.6,0.00579636,131.073,0.036576,0.006096000000000001
800,4.0,0.3048,39.6,0.00579636,130.723,0.036576,0.006096000000000001
1000,4.0,0.3048,39.6,0.00579636,128.723,0.036576,0.006096000000000001
1250,4.0,0.3048,39.6,0.00579636,126.343,0.036576,0.006096000000000001
1600,4.0,0.3048,39.6,0.00579636,123.213,0.036576,0.006096000000000001
2000,4.0,0.3048,39.6,0.00579636,120.963,0.036576,0.006096000000000001
2500,4.0,0.3048,39.6,0.00579636,120.233,0.036576,0.006096000000000001
3150,4.0,0.3048,39.6,0.00579636,118.743,0.036576,0.006096000000000001
4000,4.0,0.3048,39.6,0.00579636,115.863,0.036576,0.006096000000000001
5000,4.0,0.3048,39.6,0.00579636,113.733,0.036576,0.006096000000000001
1250,0.0,0.2286,71.3,0.00214345,128.144,0.027431999999999998,0.004572
1600,0.0,0.2286,71.3,0.00214345,129.134,0.027431999999999998,0.004572
2000,0.0,0.2286,71.3,0.00214345,128.244,0.027431999999999998,0.004572
2500,0.0,0.2286,71.3,0.00214345,128.354,0.027431999999999998,0.004572
3150,0.0,0.2286,71.3,0.00214345,127.834,0.027431999999999998,0.004572
4000,0.0,0.2286,71.3,0.00214345,125.824,0.027431999999999998,0.004572
5000,0.0,0.2286,71.3,0.00214345,124.304,0.027431999999999998,0.004572
6300,0.0,0.2286,71.3,0.00214345,122.044,0.027431999999999998,0.004572
8000,0.0,0.2286,71.3,0.00214345,118.024,0.027431999999999998,0.004572
10000,0.0,0.2286,71.3,0.00214345,118.134,0.027431999999999998,0.004572
12500,0.0,0.2286,71.3,0.00214345,117.624,0.027431999999999998,0.004572
16000,0.0,0.2286,71.3,0.00214345,114.984,0.027431999999999998,0.004572
20000,0.0,0.2286,71.3,0.00214345,114.474,0.027431999999999998,0.004572
315,0.0,0.2286,55.5,0.00229336,119.54,0.027431999999999998,0.004572
400,0.0,0.2286,55.5,0.00229336,121.66,0.027431999999999998,0.004572
500,0.0,0.2286,55.5,0.00229336,123.78,0.027431999999999998,0.004572
630,0.0,0.2286,55.5,0.00229336,126.16,0.027431999999999998,0.004572
800,0.0,0.2286,55.5,0.00229336,127.53,0.027431999999999998,0.004572
1000,0.0,0.2286,55.5,0.00229336,128.29,0.027431999999999998,0.004572
1250,0.0,0.2286,55.5,0.00229336,127.91,0.027431999999999998,0.004572
1600,0.0,0.2286,55.5,0.00229336,126.79,0.027431999999999998,0.004572
2000,0.0,0.2286,55.5,0.00229336,126.54,0.027431999999999998,0.004572
2500,0.0,0.2286,55.5,0.00229336,126.54,0.027431999999999998,0.004572
3150,0.0,0.2286,55.5,0.00229336,125.16,0.027431999999999998,0.004572
4000,0.0,0.2286,55.5,0.00229336,123.41,0.027431999999999998,0.004572
5000,0.0,0.2286,55.5,0.00229336,122.41,0.027431999999999998,0.004572
6300,0.0,0.2286,55.5,0.00229336,118.41,0.027431999999999998,0.004572
315,0.0,0.2286,39.6,0.00253511,121.055,0.027431999999999998,0.004572
400,0.0,0.2286,39.6,0.00253511,123.565,0.027431999999999998,0.004572
500,0.0,0.2286,39.6,0.00253511,126.195,0.027431999999999998,0.004572
630,0.0,0.2286,39.6,0.00253511,128.705,0.027431999999999998,0.004572
800,0.0,0.2286,39.6,0.00253511,130.205,0.027431999999999998,0.004572
1000,0.0,0.2286,39.6,0.00253511,130.435,0.027431999999999998,0.004572
1250,0.0,0.2286,39.6,0.00253511,129.395,0.027431999999999998,0.004572
1600,0.0,0.2286,39.6,0.00253511,127.095,0.027431999999999998,0.004572
2000,0.0,0.2286,39.6,0.00253511,125.305,0.027431999999999998,0.004572
2500,0.0,0.2286,39.6,0.00253511,125.025,0.027431999999999998,0.004572
3150,0.0,0.2286,39.6,0.00253511,124.625,0.027431999999999998,0.004572
4000,0.0,0.2286,39.6,0.00253511,123.465,0.027431999999999998,0.004572
5000,0.0,0.2286,39.6,0.00253511,122.175,0.027431999999999998,0.004572
6300,0.0,0.2286,39.6,0.00253511,117.465,0.027431999999999998,0.004572
315,0.0,0.2286,31.7,0.0027238,120.595,0.027431999999999998,0.004572
400,0.0,0.2286,31.7,0.0027238,123.635,0.027431999999999998,0.004572
500,0.0,0.2286,31.7,0.0027238,126.675,0.027431999999999998,0.004572
630,0.0,0.2286,31.7,0.0027238,129.465,0.027431999999999998,0.004572
800,0.0,0.2286,31.7,0.0027238,130.725,0.027431999999999998,0.004572
1000,0.0,0.2286,31.7,0.0027238,130.595,0.027431999999999998,0.004572
1250,0.0,0.2286,31.7,0.0027238,128.805,0.027431999999999998,0.004572
1600,0.0,0.2286,31.7,0.0027238,125.625,0.027431999999999998,0.004572
2000,0.0,0.2286,31.7,0.0027238,123.455,0.027431999999999998,0.004572
2500,0.0,0.2286,31.7,0.0027238,123.445,0.027431999999999998,0.004572
3150,0.0,0.2286,31.7,0.0027238,123.445,0.027431999999999998,0.004572
4000,0.0,0.2286,31.7,0.0027238,122.035,0.027431999999999998,0.004572
5000,0.0,0.2286,31.7,0.0027238,120.505,0.027431999999999998,0.004572
6300,0.0,0.2286,31.7,0.0027238,116.815,0.027431999999999998,0.004572
400,2.0,0.2286,71.3,0.00293031,125.116,0.027431999999999998,0.004572
500,2.0,0.2286,71.3,0.00293031,126.486,0.027431999999999998,0.004572
630,2.0,0.2286,71.3,0.00293031,127.356,0.027431999999999998,0.004572
800,2.0,0.2286,71.3,0.00293031,128.216,0.027431999999999998,0.004572
1000,2.0,0.2286,71.3,0.00293031,128.956,0.027431999999999998,0.004572
1250,2.0,0.2286,71.3,0.00293031,128.816,0.027431999999999998,0.004572
1600,2.0,0.2286,71.3,0.00293031,127.796,0.027431999999999998,0.004572
2000,2.0,0.2286,71.3,0.00293031,126.896,0.027431999999999998,0.004572
2500,2.0,0.2286,71.3,0.00293031,127.006,0.027431999999999998,0.004572
3150,2.0,0.2286,71.3,0.00293031,126.116,0.027431999999999998,0.004572
4000,2.0,0.2286,71.3,0.00293031,124.086,0.027431999999999998,0.004572
5000,2.0,0.2286,71.3,0.00293031,122.816,0.027431999999999998,0.004572
6300,2.0,0.2286,71.3,0.00293031,120.786,0.027431999999999998,0.004572
8000,2.0,0.2286,71.3,0.00293031,115.996,0.027431999999999998,0.004572
10000,2.0,0.2286,71.3,0.00293031,113.086,0.027431999999999998,0.004572
400,2.0,0.2286,55.5,0.00313525,122.292,0.027431999999999998,0.004572
500,2.0,0.2286,55.5,0.00313525,124.692,0.027431999999999998,0.004572
630,2.0,0.2286,55.5,0.00313525,126.842,0.027431999999999998,0.004572
800,2.0,0.2286,55.5,0.00313525,128.492,0.027431999999999998,0.004572
1000,2.0,0.2286,55.5,0.00313525,129.002,0.027431999999999998,0.004572
1250,2.0,0.2286,55.5,0.00313525,128.762,0.027431999999999998,0.004572
1600,2.0,0.2286,55.5,0.00313525,126.752,0.027431999999999998,0.004572
2000,2.0,0.2286,55.5,0.00313525,124.612,0.027431999999999998,0.004572
2500,2.0,0.2286,55.5,0.00313525,123.862,0.027431999999999998,0.004572
3150,2.0,0.2286,55.5,0.00313525,123.742,0.027431999999999998,0.004572
4000,2.0,0.2286,55.5,0.00313525,122.232,0.027431999999999998,0.004572
5000,2.0,0.2286,55.5,0.00313525,120.472,0.027431999999999998,0.004572
6300,2.0,0.2286,55.5,0.00313525,118.712,0.027431999999999998,0.004572
315,2.0,0.2286,39.6,0.00346574,120.137,0.027431999999999998,0.004572
400,2.0,0.2286,39.6,0.00346574,122.147,0.027431999999999998,0.004572
500,2.0,0.2286,39.6,0.00346574,125.157,0.027431999999999998,0.004572
630,2.0,0.2286,39.6,0.00346574,127.417,0.027431999999999998,0.004572
800,2.0,0.2286,39.6,0.00346574,129.037,0.027431999999999998,0.004572
1000,2.0,0.2286,39.6,0.00346574,129.147,0.027431999999999998,0.004572
1250,2.0,0.2286,39.6,0.00346574,128.257,0.027431999999999998,0.004572
1600,2.0,0.2286,39.6,0.00346574,125.837,0.027431999999999998,0.004572
2000,2.0,0.2286,39.6,0.00346574,122.797,0.027431999999999998,0.004572
2500,2.0,0.2286,39.6,0.00346574,121.397,0.027431999999999998,0.004572
3150,2.0,0.2286,39.6,0.00346574,121.627,0.027431999999999998,0.004572
4000,2.0,0.2286,39.6,0.00346574,120.227,0.027431999999999998,0.004572
5000,2.0,0.2286,39.6,0.00346574,118.827,0.027431999999999998,0.004572
6300,2.0,0.2286,39.6,0.00346574,116.417,0.027431999999999998,0.004572
315,2.0,0.2286,31.7,0.00372371,120.147,0.027431999999999998,0.004572
400,2.0,0.2286,31.7,0.00372371,123.417,0.027431999999999998,0.004572
500,2.0,0.2286,31.7,0.00372371,126.677,0.027431999999999998,0.004572
630,2.0,0.2286,31.7,0.00372371,129.057,0.027431999999999998,0.004572
800,2.0,0.2286,31.7,0.00372371,130.307,0.027431999999999998,0.004572
1000,2.0,0.2286,31.7,0.00372371,130.307,0.027431999999999998,0.004572
1250,2.0,0.2286,31.7,0.00372371,128.677,0.027431999999999998,0.004572
1600,2.0,0.2286,31.7,0.00372371,125.797,0.027431999999999998,0.004572
2000,2.0,0.2286,31.7,0.00372371,123.037,0.027431999999999998,0.004572
2500,2.0,0.2286,31.7,0.00372371,121.407,0.027431999999999998,0.004572
3150,2.0,0.2286,31.7,0.00372371,121.527,0.027431999999999998,0.004572
4000,2.0,0.2286,31.7,0.00372371,120.527,0.027431999999999998,0.004572
5000,2.0,0.2286,31.7,0.00372371,118.267,0.027431999999999998,0.004572
6300,2.0,0.2286,31.7,0.00372371,115.137,0.027431999999999998,0.004572
500,4.0,0.2286,71.3,0.00400603,126.758,0.027431999999999998,0.004572
630,4.0,0.2286,71.3,0.00400603,129.038,0.027431999999999998,0.004572
800,4.0,0.2286,71.3,0.00400603,130.688,0.027431999999999998,0.004572
1000,4.0,0.2286,71.3,0.00400603,131.708,0.027431999999999998,0.004572
1250,4.0,0.2286,71.3,0.00400603,131.718,0.027431999999999998,0.004572
1600,4.0,0.2286,71.3,0.00400603,129.468,0.027431999999999998,0.004572
2000,4.0,0.2286,71.3,0.00400603,126.218,0.027431999999999998,0.004572
2500,4.0,0.2286,71.3,0.00400603,124.338,0.027431999999999998,0.004572
3150,4.0,0.2286,71.3,0.00400603,124.108,0.027431999999999998,0.004572
4000,4.0,0.2286,71.3,0.00400603,121.728,0.027431999999999998,0.004572
5000,4.0,0.2286,71.3,0.00400603,121.118,0.027431999999999998,0.004572
6300,4.0,0.2286,71.3,0.00400603,118.618,0.027431999999999998,0.004572
8000,4.0,0.2286,71.3,0.00400603,112.848,0.027431999999999998,0.004572
10000,4.0,0.2286,71.3,0.00400603,113.108,0.027431999999999998,0.004572
12500,4.0,0.2286,71.3,0.00400603,114.258,0.027431999999999998,0.004572
16000,4.0,0.2286,71.3,0.00400603,112.768,0.027431999999999998,0.004572
20000,4.0,0.2286,71.3,0.00400603,109.638,0.027431999999999998,0.004572
400,4.0,0.2286,55.5,0.0042862,123.274,0.027431999999999998,0.004572
500,4.0,0.2286,55.5,0.0042862,127.314,0.027431999999999998,0.004572
630,4.0,0.2286,55.5,0.0042862,129.964,0.027431999999999998,0.004572
800,4.0,0.2286,55.5,0.0042862,131.864,0.027431999999999998,0.004572
1000,4.0,0.2286,55.5,0.0042862,132.134,0.027431999999999998,0.004572
1250,4.0,0.2286,55.5,0.0042862,131.264,0.027431999999999998,0.004572
1600,4.0,0.2286,55.5,0.0042862,128.264,0.027431999999999998,0.004572
2000,4.0,0.2286,55.5,0.0042862,124.254,0.027431999999999998,0.004572
2500,4.0,0.2286,55.5,0.0042862,122.384,0.027431999999999998,0.004572
3150,4.0,0.2286,55.5,0.0042862,122.394,0.027431999999999998,0.004572
4000,4.0,0.2286,55.5,0.0042862,120.654,0.027431999999999998,0.004572
5000,4.0,0.2286,55.5,0.0042862,120.034,0.027431999999999998,0.004572
6300,4.0,0.2286,55.5,0.0042862,117.154,0.027431999999999998,0.004572
8000,4.0,0.2286,55.5,0.0042862,112.524,0.027431999999999998,0.004572
315,4.0,0.2286,39.6,0.00473801,122.229,0.027431999999999998,0.004572
400,4.0,0.2286,39.6,0.00473801,123.879,0.027431999999999998,0.004572
500,4.0,0.2286,39.6,0.00473801,127.039,0.027431999999999998,0.004572
630,4.0,0.2286,39.6,0.00473801,129.579,0.027431999999999998,0.004572
800,4.0,0.2286,39.6,0.00473801,130.469,0.027431999999999998,0.004572
1000,4.0,0.2286,39.6,0.00473801,129.969,0.027431999999999998,0.004572
1250,4.0,0.2286,39.6,0.00473801,128.339,0.027431999999999998,0.004572
1600,4.0,0.2286,39.6,0.00473801,125.319,0.027431999999999998,0.004572
2000,4.0,0.2286,39.6,0.00473801,121.659,0.027431999999999998,0.004572
2500,4.0,0.2286,39.6,0.00473801,119.649,0.027431999999999998,0.004572
3150,4.0,0.2286,39.6,0.00473801,120.419,0.027431999999999998,0.004572
4000,4.0,0.2286,39.6,0.00473801,119.159,0.027431999999999998,0.004572
5000,4.0,0.2286,39.6,0.00473801,117.649,0.027431999999999998,0.004572
6300,4.0,0.2286,39.6,0.00473801,114.249,0.027431999999999998,0.004572
8000,4.0,0.2286,39.6,0.00473801,113.129,0.027431999999999998,0.004572
250,4.0,0.2286,31.7,0.00509068,120.189,0.027431999999999998,0.004572
315,4.0,0.2286,31.7,0.00509068,123.609,0.027431999999999998,0.004572
400,4.0,0.2286,31.7,0.00509068,126.149,0.027431999999999998,0.004572
500,4.0,0.2286,31.7,0.00509068,128.939,0.027431999999999998,0.004572
630,4.0,0.2286,31.7,0.00509068,130.349,0.027431999999999998,0.004572
800,4.0,0.2286,31.7,0.00509068,130.869,0.027431999999999998,0.004572
1000,4.0,0.2286,31.7,0.00509068,129.869,0.027431999999999998,0.004572
1250,4.0,0.2286,31.7,0.00509068,128.119,0.027431999999999998,0.004572
1600,4.0,0.2286,31.7,0.00509068,125.229,0.027431999999999998,0.004572
2000,4.0,0.2286,31.7,0.00509068,122.089,0.027431999999999998,0.004572
2500,4.0,0.2286,31.7,0.00509068,120.209,0.027431999999999998,0.004572
3150,4.0,0.2286,31.7,0.00509068,120.229,0.027431999999999998,0.004572
4000,4.0,0.2286,31.7,0.00509068,118.859,0.027431999999999998,0.004572
5000,4.0,0.2286,31.7,0.00509068,115.969,0.027431999999999998,0.004572
6300,4.0,0.2286,31.7,0.00509068,112.699,0.027431999999999998,0.004572
400,5.3,0.2286,71.3,0.0051942,127.7,0.027431999999999998,0.004572
500,5.3,0.2286,71.3,0.0051942,129.88,0.027431999999999998,0.004572
630,5.3,0.2286,71.3,0.0051942,131.8,0.027431999999999998,0.004572
800,5.3,0.2286,71.3,0.0051942,133.48,0.027431999999999998,0.004572
1000,5.3,0.2286,71.3,0.0051942,134.0,0.027431999999999998,0.004572
1250,5.3,0.2286,71.3,0.0051942,133.38,0.027431999999999998,0.004572
1600,5.3,0.2286,71.3,0.0051942,130.46,0.027431999999999998,0.004572
2000,5.3,0.2286,71.3,0.0051942,125.89,0.027431999999999998,0.004572
2500,5.3,0.2286,71.3,0.0051942,123.74,0.027431999999999998,0.004572
3150,5.3,0.2286,71.3,0.0051942,123.12,0.027431999999999998,0.004572
4000,5.3,0.2286,71.3,0.0051942,120.33,0.027431999999999998,0.004572
5000,5.3,0.2286,71.3,0.0051942,118.05,0.027431999999999998,0.004572
6300,5.3,0.2286,71.3,0.0051942,116.92,0.027431999999999998,0.004572
8000,5.3,0.2286,71.3,0.0051942,114.9,0.027431999999999998,0.004572
10000,5.3,0.2286,71.3,0.0051942,111.35,0.027431999999999998,0.004572
250,5.3,0.2286,39.6,0.00614329,127.011,0.027431999999999998,0.004572
315,5.3,0.2286,39.6,0.00614329,129.691,0.027431999999999998,0.004572
400,5.3,0.2286,39.6,0.00614329,131.221,0.027431999999999998,0.004572
500,5.3,0.2286,39.6,0.00614329,132.251,0.027431999999999998,0.004572
630,5.3,0.2286,39.6,0.00614329,132.011,0.027431999999999998,0.004572
800,5.3,0.2286,39.6,0.00614329,129.491,0.027431999999999998,0.004572
1000,5.3,0.2286,39.6,0.00614329,125.581,0.027431999999999998,0.004572
1250,5.3,0.2286,39.6,0.00614329,125.721,0.027431999999999998,0.004572
1600,5.3,0.2286,39.6,0.00614329,123.081,0.027431999999999998,0.004572
2000,5.3,0.2286,39.6,0.00614329,117.911,0.027431999999999998,0.004572
2500,5.3,0.2286,39.6,0.00614329,116.151,0.027431999999999998,0.004572
3150,5.3,0.2286,39.6,0.00614329,118.441,0.027431999999999998,0.004572
4000,5.3,0.2286,39.6,0.00614329,115.801,0.027431999999999998,0.004572
5000,5.3,0.2286,39.6,0.00614329,115.311,0.027431999999999998,0.004572
6300,5.3,0.2286,39.6,0.00614329,112.541,0.027431999999999998,0.004572
200,7.3,0.2286,71.3,0.0104404,138.758,0.027431999999999998,0.004572
250,7.3,0.2286,71.3,0.0104404,139.918,0.027431999999999998,0.004572
315,7.3,0.2286,71.3,0.0104404,139.808,0.027431999999999998,0.004572
400,7.3,0.2286,71.3,0.0104404,139.438,0.027431999999999998,0.004572
500,7.3,0.2286,71.3,0.0104404,136.798,0.027431999999999998,0.004572
630,7.3,0.2286,71.3,0.0104404,133.768,0.027431999999999998,0.004572
800,7.3,0.2286,71.3,0.0104404,130.748,0.027431999999999998,0.004572
1000,7.3,0.2286,71.3,0.0104404,126.838,0.027431999999999998,0.004572
1250,7.3,0.2286,71.3,0.0104404,127.358,0.027431999999999998,0.004572
1600,7.3,0.2286,71.3,0.0104404,125.728,0.027431999999999998,0.004572
2000,7.3,0.2286,71.3,0.0104404,122.708,0.027431999999999998,0.004572
2500,7.3,0.2286,71.3,0.0104404,122.088,0.027431999999999998,0.004572
3150,7.3,0.2286,71.3,0.0104404,120.458,0.027431999999999998,0.004572
4000,7.3,0.2286,71.3,0.0104404,119.208,0.027431999999999998,0.004572
5000,7.3,0.2286,71.3,0.0104404,115.298,0.027431999999999998,0.004572
6300,7.3,0.2286,71.3,0.0104404,115.818,0.027431999999999998,0.004572
200,7.3,0.2286,55.5,0.0111706,135.234,0.027431999999999998,0.004572
250,7.3,0.2286,55.5,0.0111706,136.384,0.027431999999999998,0.004572
315,7.3,0.2286,55.5,0.0111706,136.284,0.027431999999999998,0.004572
400,7.3,0.2286,55.5,0.0111706,135.924,0.027431999999999998,0.004572
500,7.3,0.2286,55.5,0.0111706,133.174,0.027431999999999998,0.004572
630,7.3,0.2286,55.5,0.0111706,130.934,0.027431999999999998,0.004572
800,7.3,0.2286,55.5,0.0111706,128.444,0.027431999999999998,0.004572
1000,7.3,0.2286,55.5,0.0111706,125.194,0.027431999999999998,0.004572
1250,7.3,0.2286,55.5,0.0111706,125.724,0.027431999999999998,0.004572
1600,7.3,0.2286,55.5,0.0111706,123.354,0.027431999999999998,0.004572
2000,7.3,0.2286,55.5,0.0111706,120.354,0.027431999999999998,0.004572
2500,7.3,0.2286,55.5,0.0111706,118.994,0.027431999999999998,0.004572
3150,7.3,0.2286,55.5,0.0111706,117.134,0.027431999999999998,0.004572
4000,7.3,0.2286,55.5,0.0111706,117.284,0.027431999999999998,0.004572
5000,7.3,0.2286,55.5,0.0111706,113.144,0.027431999999999998,0.004572
6300,7.3,0.2286,55.5,0.0111706,111.534,0.027431999999999998,0.004572
200,7.3,0.2286,39.6,0.0123481,130.989,0.027431999999999998,0.004572
250,7.3,0.2286,39.6,0.0123481,131.889,0.027431999999999998,0.004572
315,7.3,0.2286,39.6,0.0123481,132.149,0.027431999999999998,0.004572
400,7.3,0.2286,39.6,0.0123481,132.039,0.027431999999999998,0.004572
500,7.3,0.2286,39.6,0.0123481,130.299,0.027431999999999998,0.004572
630,7.3,0.2286,39.6,0.0123481,128.929,0.027431999999999998,0.004572
800,7.3,0.2286,39.6,0.0123481,126.299,0.027431999999999998,0.004572
1000,7.3,0.2286,39.6,0.0123481,122.539,0.027431999999999998,0.004572
1250,7.3,0.2286,39.6,0.0123481,123.189,0.027431999999999998,0.004572
1600,7.3,0.2286,39.6,0.0123481,121.059,0.027431999999999998,0.004572
2000,7.3,0.2286,39.6,0.0123481,117.809,0.027431999999999998,0.004572
2500,7.3,0.2286,39.6,0.0123481,116.559,0.027431999999999998,0.004572
3150,7.3,0.2286,39.6,0.0123481,114.309,0.027431999999999998,0.004572
4000,7.3,0.2286,39.6,0.0123481,114.079,0.027431999999999998,0.004572
5000,7.3,0.2286,39.6,0.0123481,111.959,0.027431999999999998,0.004572
6300,7.3,0.2286,39.6,0.0123481,110.839,0.027431999999999998,0.004572
200,7.3,0.2286,31.7,0.0132672,128.679,0.027431999999999998,0.004572
250,7.3,0.2286,31.7,0.0132672,130.089,0.027431999999999998,0.004572
315,7.3,0.2286,31.7,0.0132672,130.239,0.027431999999999998,0.004572
400,7.3,0.2286,31.7,0.0132672,130.269,0.027431999999999998,0.004572
500,7.3,0.2286,31.7,0.0132672,128.169,0.027431999999999998,0.004572
630,7.3,0.2286,31.7,0.0132672,126.189,0.027431999999999998,0.004572
800,7.3,0.2286,31.7,0.0132672,123.209,0.027431999999999998,0.004572
1000,7.3,0.2286,31.7,0.0132672,119.099,0.027431999999999998,0.004572
1250,7.3,0.2286,31.7,0.0132672,120.509,0.027431999999999998,0.004572
1600,7.3,0.2286,31.7,0.0132672,119.039,0.027431999999999998,0.004572
2000,7.3,0.2286,31.7,0.0132672,115.309,0.027431999999999998,0.004572
2500,7.3,0.2286,31.7,0.0132672,114.709,0.027431999999999998,0.004572
3150,7.3,0.2286,31.7,0.0132672,113.229,0.027431999999999998,0.004572
4000,7.3,0.2286,31.7,0.0132672,112.639,0.027431999999999998,0.004572
5000,7.3,0.2286,31.7,0.0132672,111.029,0.027431999999999998,0.004572
6300,7.3,0.2286,31.7,0.0132672,110.689,0.027431999999999998,0.004572
800,0.0,0.1524,71.3,0.0015988,125.817,0.018288,0.0030480000000000004
1000,0.0,0.1524,71.3,0.0015988,127.307,0.018288,0.0030480000000000004
1250,0.0,0.1524,71.3,0.0015988,128.927,0.018288,0.0030480000000000004
1600,0.0,0.1524,71.3,0.0015988,129.667,0.018288,0.0030480000000000004
2000,0.0,0.1524,71.3,0.0015988,128.647,0.018288,0.0030480000000000004
2500,0.0,0.1524,71.3,0.0015988,128.127,0.018288,0.0030480000000000004
3150,0.0,0.1524,71.3,0.0015988,129.377,0.018288,0.0030480000000000004
4000,0.0,0.1524,71.3,0.0015988,128.857,0.018288,0.0030480000000000004
5000,0.0,0.1524,71.3,0.0015988,126.457,0.018288,0.0030480000000000004
6300,0.0,0.1524,71.3,0.0015988,125.427,0.018288,0.0030480000000000004
8000,0.0,0.1524,71.3,0.0015988,122.527,0.018288,0.0030480000000000004
10000,0.0,0.1524,71.3,0.0015988,120.247,0.018288,0.0030480000000000004
12500,0.0,0.1524,71.3,0.0015988,117.087,0.018288,0.0030480000000000004
16000,0.0,0.1524,71.3,0.0015988,113.297,0.018288,0.0030480000000000004
500,0.0,0.1524,55.5,0.00172668,120.573,0.018288,0.0030480000000000004
630,0.0,0.1524,55.5,0.00172668,123.583,0.018288,0.0030480000000000004
800,0.0,0.1524,55.5,0.00172668,126.713,0.018288,0.0030480000000000004
1000,0.0,0.1524,55.5,0.00172668,128.583,0.018288,0.0030480000000000004
1250,0.0,0.1524,55.5,0.00172668,129.953,0.018288,0.0030480000000000004
1600,0.0,0.1524,55.5,0.00172668,130.183,0.018288,0.0030480000000000004
2000,0.0,0.1524,55.5,0.00172668,129.673,0.018288,0.0030480000000000004
2500,0.0,0.1524,55.5,0.00172668,127.763,0.018288,0.0030480000000000004
3150,0.0,0.1524,55.5,0.00172668,127.753,0.018288,0.0030480000000000004
4000,0.0,0.1524,55.5,0.00172668,127.233,0.018288,0.0030480000000000004
5000,0.0,0.1524,55.5,0.00172668,125.203,0.018288,0.0030480000000000004
6300,0.0,0.1524,55.5,0.00172668,123.303,0.018288,0.0030480000000000004
8000,0.0,0.1524,55.5,0.00172668,121.903,0.018288,0.0030480000000000004
10000,0.0,0.1524,55.5,0.00172668,119.253,0.018288,0.0030480000000000004
12500,0.0,0.1524,55.5,0.00172668,117.093,0.018288,0.0030480000000000004
16000,0.0,0.1524,55.5,0.00172668,112.803,0.018288,0.0030480000000000004
500,0.0,0.1524,39.6,0.00193287,119.513,0.018288,0.0030480000000000004
630,0.0,0.1524,39.6,0.00193287,124.403,0.018288,0.0030480000000000004
800,0.0,0.1524,39.6,0.00193287,127.903,0.018288,0.0030480000000000004
1000,0.0,0.1524,39.6,0.00193287,130.033,0.018288,0.0030480000000000004
1250,0.0,0.1524,39.6,0.00193287,131.023,0.018288,0.0030480000000000004
1600,0.0,0.1524,39.6,0.00193287,131.013,0.018288,0.0030480000000000004
2000,0.0,0.1524,39.6,0.00193287,129.633,0.018288,0.0030480000000000004
2500,0.0,0.1524,39.6,0.00193287,126.863,0.018288,0.0030480000000000004
3150,0.0,0.1524,39.6,0.00193287,125.603,0.018288,0.0030480000000000004
4000,0.0,0.1524,39.6,0.00193287,125.343,0.018288,0.0030480000000000004
5000,0.0,0.1524,39.6,0.00193287,123.453,0.018288,0.0030480000000000004
6300,0.0,0.1524,39.6,0.00193287,121.313,0.018288,0.0030480000000000004
8000,0.0,0.1524,39.6,0.00193287,120.553,0.018288,0.0030480000000000004
10000,0.0,0.1524,39.6,0.00193287,115.413,0.018288,0.0030480000000000004
500,0.0,0.1524,31.7,0.00209405,121.617,0.018288,0.0030480000000000004
630,0.0,0.1524,31.7,0.00209405,125.997,0.018288,0.0030480000000000004
800,0.0,0.1524,31.7,0.00209405,129.117,0.018288,0.0030480000000000004
1000,0.0,0.1524,31.7,0.00209405,130.987,0.018288,0.0030480000000000004
1250,0.0,0.1524,31.7,0.00209405,131.467,0.018288,0.0030480000000000004
1600,0.0,0.1524,31.7,0.00209405,130.817,0.018288,0.0030480000000000004
2000,0.0,0.1524,31.7,0.00209405,128.907,0.018288,0.0030480000000000004
2500,0.0,0.1524,31.7,0.00209405,125.867,0.018288,0.0030480000000000004
3150,0.0,0.1524,31.7,0.00209405,124.207,0.018288,0.0030480000000000004
4000,0.0,0.1524,31.7,0.00209405,123.807,0.018288,0.0030480000000000004
5000,0.0,0.1524,31.7,0.00209405,122.397,0.018288,0.0030480000000000004
6300,0.0,0.1524,31.7,0.00209405,119.737,0.018288,0.0030480000000000004
8000,0.0,0.1524,31.7,0.00209405,117.957,0.018288,0.0030480000000000004
630,2.7,0.1524,71.3,0.00243851,127.404,0.018288,0.0030480000000000004
800,2.7,0.1524,71.3,0.00243851,127.394,0.018288,0.0030480000000000004
1000,2.7,0.1524,71.3,0.00243851,128.774,0.018288,0.0030480000000000004
1250,2.7,0.1524,71.3,0.00243851,130.144,0.018288,0.0030480000000000004
1600,2.7,0.1524,71.3,0.00243851,130.644,0.018288,0.0030480000000000004
2000,2.7,0.1524,71.3,0.00243851,130.114,0.018288,0.0030480000000000004
2500,2.7,0.1524,71.3,0.00243851,128.334,0.018288,0.0030480000000000004
3150,2.7,0.1524,71.3,0.00243851,127.054,0.018288,0.0030480000000000004
4000,2.7,0.1524,71.3,0.00243851,126.534,0.018288,0.0030480000000000004
5000,2.7,0.1524,71.3,0.00243851,124.364,0.018288,0.0030480000000000004
6300,2.7,0.1524,71.3,0.00243851,121.944,0.018288,0.0030480000000000004
8000,2.7,0.1524,71.3,0.00243851,120.534,0.018288,0.0030480000000000004
10000,2.7,0.1524,71.3,0.00243851,116.724,0.018288,0.0030480000000000004
12500,2.7,0.1524,71.3,0.00243851,113.034,0.018288,0.0030480000000000004
16000,2.7,0.1524,71.3,0.00243851,110.364,0.018288,0.0030480000000000004
500,2.7,0.1524,39.6,0.00294804,121.009,0.018288,0.0030480000000000004
630,2.7,0.1524,39.6,0.00294804,125.809,0.018288,0.0030480000000000004
800,2.7,0.1524,39.6,0.00294804,128.829,0.018288,0.0030480000000000004
1000,2.7,0.1524,39.6,0.00294804,130.589,0.018288,0.0030480000000000004
1250,2.7,0.1524,39.6,0.00294804,130.829,0.018288,0.0030480000000000004
1600,2.7,0.1524,39.6,0.00294804,130.049,0.018288,0.0030480000000000004
2000,2.7,0.1524,39.6,0.00294804,128.139,0.018288,0.0030480000000000004
2500,2.7,0.1524,39.6,0.00294804,125.589,0.018288,0.0030480000000000004
3150,2.7,0.1524,39.6,0.00294804,122.919,0.018288,0.0030480000000000004
4000,2.7,0.1524,39.6,0.00294804,121.889,0.018288,0.0030480000000000004
5000,2.7,0.1524,39.6,0.00294804,121.499,0.018288,0.0030480000000000004
6300,2.7,0.1524,39.6,0.00294804,119.209,0.018288,0.0030480000000000004
8000,2.7,0.1524,39.6,0.00294804,116.659,0.018288,0.0030480000000000004
10000,2.7,0.1524,39.6,0.00294804,112.589,0.018288,0.0030480000000000004
12500,2.7,0.1524,39.6,0.00294804,108.649,0.018288,0.0030480000000000004
400,5.4,0.1524,71.3,0.00401199,124.121,0.018288,0.0030480000000000004
500,5.4,0.1524,71.3,0.00401199,126.291,0.018288,0.0030480000000000004
630,5.4,0.1524,71.3,0.00401199,128.971,0.018288,0.0030480000000000004
800,5.4,0.1524,71.3,0.00401199,131.281,0.018288,0.0030480000000000004
1000,5.4,0.1524,71.3,0.00401199,133.201,0.018288,0.0030480000000000004
1250,5.4,0.1524,71.3,0.00401199,134.111,0.018288,0.0030480000000000004
1600,5.4,0.1524,71.3,0.00401199,133.241,0.018288,0.0030480000000000004
2000,5.4,0.1524,71.3,0.00401199,131.111,0.018288,0.0030480000000000004
2500,5.4,0.1524,71.3,0.00401199,127.591,0.018288,0.0030480000000000004
3150,5.4,0.1524,71.3,0.00401199,123.311,0.018288,0.0030480000000000004
4000,5.4,0.1524,71.3,0.00401199,121.431,0.018288,0.0030480000000000004
5000,5.4,0.1524,71.3,0.00401199,120.061,0.018288,0.0030480000000000004
6300,5.4,0.1524,71.3,0.00401199,116.411,0.018288,0.0030480000000000004
400,5.4,0.1524,55.5,0.00433288,126.807,0.018288,0.0030480000000000004
500,5.4,0.1524,55.5,0.00433288,129.367,0.018288,0.0030480000000000004
630,5.4,0.1524,55.5,0.00433288,131.807,0.018288,0.0030480000000000004
800,5.4,0.1524,55.5,0.00433288,133.097,0.018288,0.0030480000000000004
1000,5.4,0.1524,55.5,0.00433288,132.127,0.018288,0.0030480000000000004
1250,5.4,0.1524,55.5,0.00433288,130.777,0.018288,0.0030480000000000004
1600,5.4,0.1524,55.5,0.00433288,130.567,0.018288,0.0030480000000000004
2000,5.4,0.1524,55.5,0.00433288,128.707,0.018288,0.0030480000000000004
2500,5.4,0.1524,55.5,0.00433288,124.077,0.018288,0.0030480000000000004
3150,5.4,0.1524,55.5,0.00433288,121.587,0.018288,0.0030480000000000004
4000,5.4,0.1524,55.5,0.00433288,119.737,0.018288,0.0030480000000000004
5000,5.4,0.1524,55.5,0.00433288,118.757,0.018288,0.0030480000000000004
6300,5.4,0.1524,55.5,0.00433288,117.287,0.018288,0.0030480000000000004
8000,5.4,0.1524,55.5,0.00433288,114.927,0.018288,0.0030480000000000004
315,5.4,0.1524,39.6,0.00485029,125.347,0.018288,0.0030480000000000004
400,5.4,0.1524,39.6,0.00485029,127.637,0.018288,0.0030480000000000004
500,5.4,0.1524,39.6,0.00485029,129.937,0.018288,0.0030480000000000004
630,5.4,0.1524,39.6,0.00485029,132.357,0.018288,0.0030480000000000004
800,5.4,0.1524,39.6,0.00485029,132.757,0.018288,0.0030480000000000004
1000,5.4,0.1524,39.6,0.00485029,130.507,0.018288,0.0030480000000000004
1250,5.4,0.1524,39.6,0.00485029,127.117,0.018288,0.0030480000000000004
1600,5.4,0.1524,39.6,0.00485029,126.267,0.018288,0.0030480000000000004
2000,5.4,0.1524,39.6,0.00485029,124.647,0.018288,0.0030480000000000004
2500,5.4,0.1524,39.6,0.00485029,120.497,0.018288,0.0030480000000000004
3150,5.4,0.1524,39.6,0.00485029,119.137,0.018288,0.0030480000000000004
4000,5.4,0.1524,39.6,0.00485029,117.137,0.018288,0.0030480000000000004
5000,5.4,0.1524,39.6,0.00485029,117.037,0.018288,0.0030480000000000004
6300,5.4,0.1524,39.6,0.00485029,116.677,0.018288,0.0030480000000000004
315,5.4,0.1524,31.7,0.00525474,125.741,0.018288,0.0030480000000000004
400,5.4,0.1524,31.7,0.00525474,127.781,0.018288,0.0030480000000000004
500,5.4,0.1524,31.7,0.00525474,129.681,0.018288,0.0030480000000000004
630,5.4,0.1524,31.7,0.00525474,131.471,0.018288,0.0030480000000000004
800,5.4,0.1524,31.7,0.00525474,131.491,0.018288,0.0030480000000000004
1000,5.4,0.1524,31.7,0.00525474,128.241,0.018288,0.0030480000000000004
1250,5.4,0.1524,31.7,0.00525474,123.991,0.018288,0.0030480000000000004
1600,5.4,0.1524,31.7,0.00525474,123.761,0.018288,0.0030480000000000004
2000,5.4,0.1524,31.7,0.00525474,122.771,0.018288,0.0030480000000000004
2500,5.4,0.1524,31.7,0.00525474,119.151,0.018288,0.0030480000000000004
3150,5.4,0.1524,31.7,0.00525474,118.291,0.018288,0.0030480000000000004
4000,5.4,0.1524,31.7,0.00525474,116.181,0.018288,0.0030480000000000004
5000,5.4,0.1524,31.7,0.00525474,115.691,0.018288,0.0030480000000000004
6300,5.4,0.1524,31.7,0.00525474,115.591,0.018288,0.0030480000000000004
315,7.2,0.1524,71.3,0.00752039,128.713,0.018288,0.0030480000000000004
400,7.2,0.1524,71.3,0.00752039,130.123,0.018288,0.0030480000000000004
500,7.2,0.1524,71.3,0.00752039,132.043,0.018288,0.0030480000000000004
630,7.2,0.1524,71.3,0.00752039,134.853,0.018288,0.0030480000000000004
800,7.2,0.1524,71.3,0.00752039,136.023,0.018288,0.0030480000000000004
1000,7.2,0.1524,71.3,0.00752039,134.273,0.018288,0.0030480000000000004
1250,7.2,0.1524,71.3,0.00752039,132.513,0.018288,0.0030480000000000004
1600,7.2,0.1524,71.3,0.00752039,130.893,0.018288,0.0030480000000000004
2000,7.2,0.1524,71.3,0.00752039,128.643,0.018288,0.0030480000000000004
2500,7.2,0.1524,71.3,0.00752039,124.353,0.018288,0.0030480000000000004
3150,7.2,0.1524,71.3,0.00752039,116.783,0.018288,0.0030480000000000004
4000,7.2,0.1524,71.3,0.00752039,119.343,0.018288,0.0030480000000000004
5000,7.2,0.1524,71.3,0.00752039,118.343,0.018288,0.0030480000000000004
6300,7.2,0.1524,71.3,0.00752039,116.603,0.018288,0.0030480000000000004
8000,7.2,0.1524,71.3,0.00752039,113.333,0.018288,0.0030480000000000004
10000,7.2,0.1524,71.3,0.00752039,110.313,0.018288,0.0030480000000000004
250,7.2,0.1524,39.6,0.00909175,127.488,0.018288,0.0030480000000000004
315,7.2,0.1524,39.6,0.00909175,130.558,0.018288,0.0030480000000000004
400,7.2,0.1524,39.6,0.00909175,132.118,0.018288,0.0030480000000000004
500,7.2,0.1524,39.6,0.00909175,132.658,0.018288,0.0030480000000000004
630,7.2,0.1524,39.6,0.00909175,133.198,0.018288,0.0030480000000000004
800,7.2,0.1524,39.6,0.00909175,132.358,0.018288,0.0030480000000000004
1000,7.2,0.1524,39.6,0.00909175,128.338,0.018288,0.0030480000000000004
1250,7.2,0.1524,39.6,0.00909175,122.428,0.018288,0.0030480000000000004
1600,7.2,0.1524,39.6,0.00909175,120.058,0.018288,0.0030480000000000004
2000,7.2,0.1524,39.6,0.00909175,120.228,0.018288,0.0030480000000000004
2500,7.2,0.1524,39.6,0.00909175,117.478,0.018288,0.0030480000000000004
3150,7.2,0.1524,39.6,0.00909175,111.818,0.018288,0.0030480000000000004
4000,7.2,0.1524,39.6,0.00909175,114.258,0.018288,0.0030480000000000004
5000,7.2,0.1524,39.6,0.00909175,113.288,0.018288,0.0030480000000000004
6300,7.2,0.1524,39.6,0.00909175,112.688,0.018288,0.0030480000000000004
8000,7.2,0.1524,39.6,0.00909175,111.588,0.018288,0.0030480000000000004
10000,7.2,0.1524,39.6,0.00909175,110.868,0.018288,0.0030480000000000004
200,9.9,0.1524,71.3,0.0193001,134.319,0.018288,0.0030480000000000004
250,9.9,0.1524,71.3,0.0193001,135.329,0.018288,0.0030480000000000004
315,9.9,0.1524,71.3,0.0193001,135.459,0.018288,0.0030480000000000004
400,9.9,0.1524,71.3,0.0193001,135.079,0.018288,0.0030480000000000004
500,9.9,0.1524,71.3,0.0193001,131.279,0.018288,0.0030480000000000004
630,9.9,0.1524,71.3,0.0193001,129.889,0.018288,0.0030480000000000004
800,9.9,0.1524,71.3,0.0193001,128.879,0.018288,0.0030480000000000004
1000,9.9,0.1524,71.3,0.0193001,126.349,0.018288,0.0030480000000000004
1250,9.9,0.1524,71.3,0.0193001,122.679,0.018288,0.0030480000000000004
1600,9.9,0.1524,71.3,0.0193001,121.789,0.018288,0.0030480000000000004
2000,9.9,0.1524,71.3,0.0193001,120.779,0.018288,0.0030480000000000004
2500,9.9,0.1524,71.3,0.0193001,119.639,0.018288,0.0030480000000000004
3150,9.9,0.1524,71.3,0.0193001,116.849,0.018288,0.0030480000000000004
4000,9.9,0.1524,71.3,0.0193001,115.079,0.018288,0.0030480000000000004
5000,9.9,0.1524,71.3,0.0193001,114.569,0.018288,0.0030480000000000004
6300,9.9,0.1524,71.3,0.0193001,112.039,0.018288,0.0030480000000000004
200,9.9,0.1524,55.5,0.0208438,131.955,0.018288,0.0030480000000000004
250,9.9,0.1524,55.5,0.0208438,133.235,0.018288,0.0030480000000000004
315,9.9,0.1524,55.5,0.0208438,132.355,0.018288,0.0030480000000000004
400,9.9,0.1524,55.5,0.0208438,131.605,0.018288,0.0030480000000000004
500,9.9,0.1524,55.5,0.0208438,127.815,0.018288,0.0030480000000000004
630,9.9,0.1524,55.5,0.0208438,127.315,0.018288,0.0030480000000000004
800,9.9,0.1524,55.5,0.0208438,126.565,0.018288,0.0030480000000000004
1000,9.9,0.1524,55.5,0.0208438,124.665,0.018288,0.0030480000000000004
1250,9.9,0.1524,55.5,0.0208438,121.635,0.018288,0.0030480000000000004
1600,9.9,0.1524,55.5,0.0208438,119.875,0.018288,0.0030480000000000004
2000,9.9,0.1524,55.5,0.0208438,119.505,0.018288,0.0030480000000000004
2500,9.9,0.1524,55.5,0.0208438,118.365,0.018288,0.0030480000000000004
3150,9.9,0.1524,55.5,0.0208438,115.085,0.018288,0.0030480000000000004
4000,9.9,0.1524,55.5,0.0208438,112.945,0.018288,0.0030480000000000004
5000,9.9,0.1524,55.5,0.0208438,112.065,0.018288,0.0030480000000000004
6300,9.9,0.1524,55.5,0.0208438,110.555,0.018288,0.0030480000000000004
200,9.9,0.1524,39.6,0.0233328,127.315,0.018288,0.0030480000000000004
250,9.9,0.1524,39.6,0.0233328,128.335,0.018288,0.0030480000000000004
315,9.9,0.1524,39.6,0.0233328,128.595,0.018288,0.0030480000000000004
400,9.9,0.1524,39.6,0.0233328,128.345,0.018288,0.0030480000000000004
500,9.9,0.1524,39.6,0.0233328,126.835,0.018288,0.0030480000000000004
630,9.9,0.1524,39.6,0.0233328,126.465,0.018288,0.0030480000000000004
800,9.9,0.1524,39.6,0.0233328,126.345,0.018288,0.0030480000000000004
1000,9.9,0.1524,39.6,0.0233328,123.835,0.018288,0.0030480000000000004
1250,9.9,0.1524,39.6,0.0233328,120.555,0.018288,0.0030480000000000004
1600,9.9,0.1524,39.6,0.0233328,118.545,0.018288,0.0030480000000000004
2000,9.9,0.1524,39.6,0.0233328,117.925,0.018288,0.0030480000000000004
2500,9.9,0.1524,39.6,0.0233328,116.295,0.018288,0.0030480000000000004
3150,9.9,0.1524,39.6,0.0233328,113.525,0.018288,0.0030480000000000004
4000,9.9,0.1524,39.6,0.0233328,112.265,0.018288,0.0030480000000000004
5000,9.9,0.1524,39.6,0.0233328,111.135,0.018288,0.0030480000000000004
6300,9.9,0.1524,39.6,0.0233328,109.885,0.018288,0.0030480000000000004
200,9.9,0.1524,31.7,0.0252785,127.299,0.018288,0.0030480000000000004
250,9.9,0.1524,31.7,0.0252785,128.559,0.018288,0.0030480000000000004
315,9.9,0.1524,31.7,0.0252785,128.809,0.018288,0.0030480000000000004
400,9.9,0.1524,31.7,0.0252785,128.939,0.018288,0.0030480000000000004
500,9.9,0.1524,31.7,0.0252785,127.179,0.018288,0.0030480000000000004
630,9.9,0.1524,31.7,0.0252785,126.049,0.018288,0.0030480000000000004
800,9.9,0.1524,31.7,0.0252785,125.539,0.018288,0.0030480000000000004
1000,9.9,0.1524,31.7,0.0252785,122.149,0.018288,0.0030480000000000004
1250,9.9,0.1524,31.7,0.0252785,118.619,0.018288,0.0030480000000000004
1600,9.9,0.1524,31.7,0.0252785,117.119,0.018288,0.0030480000000000004
2000,9.9,0.1524,31.7,0.0252785,116.859,0.018288,0.0030480000000000004
2500,9.9,0.1524,31.7,0.0252785,114.729,0.018288,0.0030480000000000004
3150,9.9,0.1524,31.7,0.0252785,112.209,0.018288,0.0030480000000000004
4000,9.9,0.1524,31.7,0.0252785,111.459,0.018288,0.0030480000000000004
5000,9.9,0.1524,31.7,0.0252785,109.949,0.018288,0.0030480000000000004
6300,9.9,0.1524,31.7,0.0252785,108.689,0.018288,0.0030480000000000004
200,12.6,0.1524,71.3,0.0483159,128.354,0.018288,0.0030480000000000004
250,12.6,0.1524,71.3,0.0483159,129.744,0.018288,0.0030480000000000004
315,12.6,0.1524,71.3,0.0483159,128.484,0.018288,0.0030480000000000004
400,12.6,0.1524,71.3,0.0483159,127.094,0.018288,0.0030480000000000004
500,12.6,0.1524,71.3,0.0483159,121.664,0.018288,0.0030480000000000004
630,12.6,0.1524,71.3,0.0483159,123.304,0.018288,0.0030480000000000004
800,12.6,0.1524,71.3,0.0483159,123.054,0.018288,0.0030480000000000004
1000,12.6,0.1524,71.3,0.0483159,122.044,0.018288,0.0030480000000000004
1250,12.6,0.1524,71.3,0.0483159,120.154,0.018288,0.0030480000000000004
1600,12.6,0.1524,71.3,0.0483159,120.534,0.018288,0.0030480000000000004
2000,12.6,0.1524,71.3,0.0483159,117.504,0.018288,0.0030480000000000004
2500,12.6,0.1524,71.3,0.0483159,115.234,0.018288,0.0030480000000000004
3150,12.6,0.1524,71.3,0.0483159,113.334,0.018288,0.0030480000000000004
4000,12.6,0.1524,71.3,0.0483159,108.034,0.018288,0.0030480000000000004
5000,12.6,0.1524,71.3,0.0483159,108.034,0.018288,0.0030480000000000004
6300,12.6,0.1524,71.3,0.0483159,107.284,0.018288,0.0030480000000000004
200,12.6,0.1524,39.6,0.0584113,114.75,0.018288,0.0030480000000000004
250,12.6,0.1524,39.6,0.0584113,115.89,0.018288,0.0030480000000000004
315,12.6,0.1524,39.6,0.0584113,116.02,0.018288,0.0030480000000000004
400,12.6,0.1524,39.6,0.0584113,115.91,0.018288,0.0030480000000000004
500,12.6,0.1524,39.6,0.0584113,114.9,0.018288,0.0030480000000000004
630,12.6,0.1524,39.6,0.0584113,116.55,0.018288,0.0030480000000000004
800,12.6,0.1524,39.6,0.0584113,116.56,0.018288,0.0030480000000000004
1000,12.6,0.1524,39.6,0.0584113,114.67,0.018288,0.0030480000000000004
1250,12.6,0.1524,39.6,0.0584113,112.16,0.018288,0.0030480000000000004
1600,12.6,0.1524,39.6,0.0584113,110.78,0.018288,0.0030480000000000004
2000,12.6,0.1524,39.6,0.0584113,109.52,0.018288,0.0030480000000000004
2500,12.6,0.1524,39.6,0.0584113,106.88,0.018288,0.0030480000000000004
3150,12.6,0.1524,39.6,0.0584113,106.26,0.018288,0.0030480000000000004
4000,12.6,0.1524,39.6,0.0584113,104.5,0.018288,0.0030480000000000004
5000,12.6,0.1524,39.6,0.0584113,104.13,0.018288,0.0030480000000000004
6300,12.6,0.1524,39.6,0.0584113,103.38,0.018288,0.0030480000000000004
800,0.0,0.0508,71.3,0.000740478,130.96,0.006096,0.001016
1000,0.0,0.0508,71.3,0.000740478,129.45,0.006096,0.001016
1250,0.0,0.0508,71.3,0.000740478,128.56,0.006096,0.001016
1600,0.0,0.0508,71.3,0.000740478,129.68,0.006096,0.001016
2000,0.0,0.0508,71.3,0.000740478,131.06,0.006096,0.001016
2500,0.0,0.0508,71.3,0.000740478,131.31,0.006096,0.001016
3150,0.0,0.0508,71.3,0.000740478,135.07,0.006096,0.001016
4000,0.0,0.0508,71.3,0.000740478,134.43,0.006096,0.001016
5000,0.0,0.0508,71.3,0.000740478,134.43,0.006096,0.001016
6300,0.0,0.0508,71.3,0.000740478,133.04,0.006096,0.001016
8000,0.0,0.0508,71.3,0.000740478,130.89,0.006096,0.001016
10000,0.0,0.0508,71.3,0.000740478,128.74,0.006096,0.001016
12500,0.0,0.0508,71.3,0.000740478,125.22,0.006096,0.001016
800,0.0,0.0508,55.5,0.00076193,124.336,0.006096,0.001016
1000,0.0,0.0508,55.5,0.00076193,125.586,0.006096,0.001016
1250,0.0,0.0508,55.5,0.00076193,127.076,0.006096,0.001016
1600,0.0,0.0508,55.5,0.00076193,128.576,0.006096,0.001016
2000,0.0,0.0508,55.5,0.00076193,131.456,0.006096,0.001016
2500,0.0,0.0508,55.5,0.00076193,133.956,0.006096,0.001016
3150,0.0,0.0508,55.5,0.00076193,134.826,0.006096,0.001016
4000,0.0,0.0508,55.5,0.00076193,134.946,0.006096,0.001016
5000,0.0,0.0508,55.5,0.00076193,134.556,0.006096,0.001016
6300,0.0,0.0508,55.5,0.00076193,132.796,0.006096,0.001016
8000,0.0,0.0508,55.5,0.00076193,130.156,0.006096,0.001016
10000,0.0,0.0508,55.5,0.00076193,127.636,0.006096,0.001016
12500,0.0,0.0508,55.5,0.00076193,125.376,0.006096,0.001016
800,0.0,0.0508,39.6,0.000791822,126.508,0.006096,0.001016
1000,0.0,0.0508,39.6,0.000791822,127.638,0.006096,0.001016
1250,0.0,0.0508,39.6,0.000791822,129.148,0.006096,0.001016
1600,0.0,0.0508,39.6,0.000791822,130.908,0.006096,0.001016
2000,0.0,0.0508,39.6,0.000791822,132.918,0.006096,0.001016
2500,0.0,0.0508,39.6,0.000791822,134.938,0.006096,0.001016
3150,0.0,0.0508,39.6,0.000791822,135.938,0.006096,0.001016
4000,0.0,0.0508,39.6,0.000791822,135.308,0.006096,0.001016
5000,0.0,0.0508,39.6,0.000791822,134.308,0.006096,0.001016
6300,0.0,0.0508,39.6,0.000791822,131.918,0.006096,0.001016
8000,0.0,0.0508,39.6,0.000791822,128.518,0.006096,0.001016
10000,0.0,0.0508,39.6,0.000791822,125.998,0.006096,0.001016
12500,0.0,0.0508,39.6,0.000791822,123.988,0.006096,0.001016
800,0.0,0.0508,31.7,0.000812164,122.79,0.006096,0.001016
1000,0.0,0.0508,31.7,0.000812164,126.78,0.006096,0.001016
1250,0.0,0.0508,31.7,0.000812164,129.27,0.006096,0.001016
1600,0.0,0.0508,31.7,0.000812164,131.01,0.006096,0.001016
2000,0.0,0.0508,31.7,0.000812164,133.01,0.006096,0.001016
2500,0.0,0.0508,31.7,0.000812164,134.87,0.006096,0.001016
3150,0.0,0.0508,31.7,0.000812164,135.49,0.006096,0.001016
4000,0.0,0.0508,31.7,0.000812164,134.11,0.006096,0.001016
5000,0.0,0.0508,31.7,0.000812164,133.23,0.006096,0.001016
6300,0.0,0.0508,31.7,0.000812164,130.34,0.006096,0.001016
8000,0.0,0.0508,31.7,0.000812164,126.59,0.006096,0.001016
10000,0.0,0.0508,31.7,0.000812164,122.45,0.006096,0.001016
12500,0.0,0.0508,31.7,0.000812164,119.07,0.006096,0.001016
1600,4.2,0.0508,71.3,0.00142788,124.318,0.006096,0.001016
2000,4.2,0.0508,71.3,0.00142788,129.848,0.006096,0.001016
2500,4.2,0.0508,71.3,0.00142788,131.978,0.006096,0.001016
3150,4.2,0.0508,71.3,0.00142788,133.728,0.006096,0.001016
4000,4.2,0.0508,71.3,0.00142788,133.598,0.006096,0.001016
5000,4.2,0.0508,71.3,0.00142788,132.828,0.006096,0.001016
6300,4.2,0.0508,71.3,0.00142788,129.308,0.006096,0.001016
8000,4.2,0.0508,71.3,0.00142788,125.268,0.006096,0.001016
10000,4.2,0.0508,71.3,0.00142788,121.238,0.006096,0.001016
12500,4.2,0.0508,71.3,0.00142788,117.328,0.006096,0.001016
1000,4.2,0.0508,39.6,0.00152689,125.647,0.006096,0.001016
1250,4.2,0.0508,39.6,0.00152689,128.427,0.006096,0.001016
1600,4.2,0.0508,39.6,0.00152689,130.197,0.006096,0.001016
2000,4.2,0.0508,39.6,0.00152689,132.587,0.006096,0.001016
2500,4.2,0.0508,39.6,0.00152689,133.847,0.006096,0.001016
3150,4.2,0.0508,39.6,0.00152689,133.587,0.006096,0.001016
4000,4.2,0.0508,39.6,0.00152689,131.807,0.006096,0.001016
5000,4.2,0.0508,39.6,0.00152689,129.777,0.006096,0.001016
6300,4.2,0.0508,39.6,0.00152689,125.717,0.006096,0.001016
8000,4.2,0.0508,39.6,0.00152689,120.397,0.006096,0.001016
10000,4.2,0.0508,39.6,0.00152689,116.967,0.006096,0.001016
800,8.4,0.0508,71.3,0.00529514,127.556,0.006096,0.001016
1000,8.4,0.0508,71.3,0.00529514,129.946,0.006096,0.001016
1250,8.4,0.0508,71.3,0.00529514,132.086,0.006096,0.001016
1600,8.4,0.0508,71.3,0.00529514,133.846,0.006096,0.001016
2000,8.4,0.0508,71.3,0.00529514,134.476,0.006096,0.001016
2500,8.4,0.0508,71.3,0.00529514,134.226,0.006096,0.001016
3150,8.4,0.0508,71.3,0.00529514,131.966,0.006096,0.001016
4000,8.4,0.0508,71.3,0.00529514,126.926,0.006096,0.001016
5000,8.4,0.0508,71.3,0.00529514,121.146,0.006096,0.001016
400,8.4,0.0508,55.5,0.00544854,121.582,0.006096,0.001016
500,8.4,0.0508,55.5,0.00544854,123.742,0.006096,0.001016
630,8.4,0.0508,55.5,0.00544854,126.152,0.006096,0.001016
800,8.4,0.0508,55.5,0.00544854,128.562,0.006096,0.001016
1000,8.4,0.0508,55.5,0.00544854,130.722,0.006096,0.001016
1250,8.4,0.0508,55.5,0.00544854,132.252,0.006096,0.001016
1600,8.4,0.0508,55.5,0.00544854,133.032,0.006096,0.001016
2000,8.4,0.0508,55.5,0.00544854,133.042,0.006096,0.001016
2500,8.4,0.0508,55.5,0.00544854,131.542,0.006096,0.001016
3150,8.4,0.0508,55.5,0.00544854,128.402,0.006096,0.001016
4000,8.4,0.0508,55.5,0.00544854,122.612,0.006096,0.001016
5000,8.4,0.0508,55.5,0.00544854,115.812,0.006096,0.001016
400,8.4,0.0508,39.6,0.00566229,120.015,0.006096,0.001016
500,8.4,0.0508,39.6,0.00566229,122.905,0.006096,0.001016
630,8.4,0.0508,39.6,0.00566229,126.045,0.006096,0.001016
800,8.4,0.0508,39.6,0.00566229,128.435,0.006096,0.001016
1000,8.4,0.0508,39.6,0.00566229,130.195,0.006096,0.001016
1250,8.4,0.0508,39.6,0.00566229,131.205,0.006096,0.001016
1600,8.4,0.0508,39.6,0.00566229,130.965,0.006096,0.001016
2000,8.4,0.0508,39.6,0.00566229,129.965,0.006096,0.001016
2500,8.4,0.0508,39.6,0.00566229,127.465,0.006096,0.001016
3150,8.4,0.0508,39.6,0.00566229,123.965,0.006096,0.001016
4000,8.4,0.0508,39.6,0.00566229,118.955,0.006096,0.001016
400,8.4,0.0508,31.7,0.00580776,120.076,0.006096,0.001016
500,8.4,0.0508,31.7,0.00580776,122.966,0.006096,0.001016
630,8.4,0.0508,31.7,0.00580776,125.856,0.006096,0.001016
800,8.4,0.0508,31.7,0.00580776,128.246,0.006096,0.001016
1000,8.4,0.0508,31.7,0.00580776,129.516,0.006096,0.001016
1250,8.4,0.0508,31.7,0.00580776,130.156,0.006096,0.001016
1600,8.4,0.0508,31.7,0.00580776,129.296,0.006096,0.001016
2000,8.4,0.0508,31.7,0.00580776,127.686,0.006096,0.001016
2500,8.4,0.0508,31.7,0.00580776,125.576,0.006096,0.001016
3150,8.4,0.0508,31.7,0.00580776,122.086,0.006096,0.001016
4000,8.4,0.0508,31.7,0.00580776,118.106,0.006096,0.001016
200,11.2,0.0508,71.3,0.014072,125.941,0.006096,0.001016
250,11.2,0.0508,71.3,0.014072,127.101,0.006096,0.001016
315,11.2,0.0508,71.3,0.014072,128.381,0.006096,0.001016
400,11.2,0.0508,71.3,0.014072,129.281,0.006096,0.001016
500,11.2,0.0508,71.3,0.014072,130.311,0.006096,0.001016
630,11.2,0.0508,71.3,0.014072,133.611,0.006096,0.001016
800,11.2,0.0508,71.3,0.014072,136.031,0.006096,0.001016
1000,11.2,0.0508,71.3,0.014072,136.941,0.006096,0.001016
1250,11.2,0.0508,71.3,0.014072,136.191,0.006096,0.001016
1600,11.2,0.0508,71.3,0.014072,135.191,0.006096,0.001016
2000,11.2,0.0508,71.3,0.014072,133.311,0.006096,0.001016
2500,11.2,0.0508,71.3,0.014072,130.541,0.006096,0.001016
3150,11.2,0.0508,71.3,0.014072,127.141,0.006096,0.001016
4000,11.2,0.0508,71.3,0.014072,122.471,0.006096,0.001016
200,11.2,0.0508,39.6,0.0150478,125.01,0.006096,0.001016
250,11.2,0.0508,39.6,0.0150478,126.43,0.006096,0.001016
315,11.2,0.0508,39.6,0.0150478,128.99,0.006096,0.001016
400,11.2,0.0508,39.6,0.0150478,130.67,0.006096,0.001016
500,11.2,0.0508,39.6,0.0150478,131.96,0.006096,0.001016
630,11.2,0.0508,39.6,0.0150478,133.13,0.006096,0.001016
800,11.2,0.0508,39.6,0.0150478,133.79,0.006096,0.001016
1000,11.2,0.0508,39.6,0.0150478,132.43,0.006096,0.001016
1250,11.2,0.0508,39.6,0.0150478,130.05,0.006096,0.001016
1600,11.2,0.0508,39.6,0.0150478,126.54,0.006096,0.001016
2000,11.2,0.0508,39.6,0.0150478,124.42,0.006096,0.001016
2500,11.2,0.0508,39.6,0.0150478,122.17,0.006096,0.001016
3150,11.2,0.0508,39.6,0.0150478,119.67,0.006096,0.001016
4000,11.2,0.0508,39.6,0.0150478,115.52,0.006096,0.001016
200,15.4,0.0508,71.3,0.0264269,123.595,0.006096,0.001016
250,15.4,0.0508,71.3,0.0264269,124.835,0.006096,0.001016
315,15.4,0.0508,71.3,0.0264269,126.195,0.006096,0.001016
400,15.4,0.0508,71.3,0.0264269,126.805,0.006096,0.001016
500,15.4,0.0508,71.3,0.0264269,127.285,0.006096,0.001016
630,15.4,0.0508,71.3,0.0264269,129.645,0.006096,0.001016
800,15.4,0.0508,71.3,0.0264269,131.515,0.006096,0.001016
1000,15.4,0.0508,71.3,0.0264269,131.865,0.006096,0.001016
1250,15.4,0.0508,71.3,0.0264269,130.845,0.006096,0.001016
1600,15.4,0.0508,71.3,0.0264269,130.065,0.006096,0.001016
2000,15.4,0.0508,71.3,0.0264269,129.285,0.006096,0.001016
2500,15.4,0.0508,71.3,0.0264269,127.625,0.006096,0.001016
3150,15.4,0.0508,71.3,0.0264269,125.715,0.006096,0.001016
4000,15.4,0.0508,71.3,0.0264269,122.675,0.006096,0.001016
5000,15.4,0.0508,71.3,0.0264269,119.135,0.006096,0.001016
6300,15.4,0.0508,71.3,0.0264269,115.215,0.006096,0.001016
8000,15.4,0.0508,71.3,0.0264269,112.675,0.006096,0.001016
200,15.4,0.0508,55.5,0.0271925,122.94,0.006096,0.001016
250,15.4,0.0508,55.5,0.0271925,124.17,0.006096,0.001016
315,15.4,0.0508,55.5,0.0271925,125.39,0.006096,0.001016
400,15.4,0.0508,55.5,0.0271925,126.5,0.006096,0.001016
500,15.4,0.0508,55.5,0.0271925,127.22,0.006096,0.001016
630,15.4,0.0508,55.5,0.0271925,129.33,0.006096,0.001016
800,15.4,0.0508,55.5,0.0271925,130.43,0.006096,0.001016
1000,15.4,0.0508,55.5,0.0271925,130.4,0.006096,0.001016
1250,15.4,0.0508,55.5,0.0271925,130.0,0.006096,0.001016
1600,15.4,0.0508,55.5,0.0271925,128.2,0.006096,0.001016
2000,15.4,0.0508,55.5,0.0271925,127.04,0.006096,0.001016
2500,15.4,0.0508,55.5,0.0271925,125.63,0.006096,0.001016
3150,15.4,0.0508,55.5,0.0271925,123.46,0.006096,0.001016
4000,15.4,0.0508,55.5,0.0271925,120.92,0.006096,0.001016
5000,15.4,0.0508,55.5,0.0271925,117.11,0.006096,0.001016
6300,15.4,0.0508,55.5,0.0271925,112.93,0.006096,0.001016
200,15.4,0.0508,39.6,0.0282593,121.783,0.006096,0.001016
250,15.4,0.0508,39.6,0.0282593,122.893,0.006096,0.001016
315,15.4,0.0508,39.6,0.0282593,124.493,0.006096,0.001016
400,15.4,0.0508,39.6,0.0282593,125.353,0.006096,0.001016
500,15.4,0.0508,39.6,0.0282593,125.963,0.006096,0.001016
630,15.4,0.0508,39.6,0.0282593,127.443,0.006096,0.001016
800,15.4,0.0508,39.6,0.0282593,128.423,0.006096,0.001016
1000,15.4,0.0508,39.6,0.0282593,127.893,0.006096,0.001016
1250,15.4,0.0508,39.6,0.0282593,126.743,0.006096,0.001016
1600,15.4,0.0508,39.6,0.0282593,124.843,0.006096,0.001016
2000,15.4,0.0508,39.6,0.0282593,123.443,0.006096,0.001016
2500,15.4,0.0508,39.6,0.0282593,122.413,0.006096,0.001016
3150,15.4,0.0508,39.6,0.0282593,120.513,0.006096,0.001016
4000,15.4,0.0508,39.6,0.0282593,118.113,0.006096,0.001016
5000,15.4,0.0508,39.6,0.0282593,114.453,0.006096,0.001016
6300,15.4,0.0508,39.6,0.0282593,109.663,0.006096,0.001016
200,15.4,0.0508,31.7,0.0289853,119.975,0.006096,0.001016
250,15.4,0.0508,31.7,0.0289853,121.225,0.006096,0.001016
315,15.4,0.0508,31.7,0.0289853,122.845,0.006096,0.001016
400,15.4,0.0508,31.7,0.0289853,123.705,0.006096,0.001016
500,15.4,0.0508,31.7,0.0289853,123.695,0.006096,0.001016
630,15.4,0.0508,31.7,0.0289853,124.685,0.006096,0.001016
800,15.4,0.0508,31.7,0.0289853,125.555,0.006096,0.001016
1000,15.4,0.0508,31.7,0.0289853,124.525,0.006096,0.001016
1250,15.4,0.0508,31.7,0.0289853,123.255,0.006096,0.001016
1600,15.4,0.0508,31.7,0.0289853,121.485,0.006096,0.001016
2000,15.4,0.0508,31.7,0.0289853,120.835,0.006096,0.001016
2500,15.4,0.0508,31.7,0.0289853,119.945,0.006096,0.001016
3150,15.4,0.0508,31.7,0.0289853,118.045,0.006096,0.001016
4000,15.4,0.0508,31.7,0.0289853,115.635,0.006096,0.001016
5000,15.4,0.0508,31.7,0.0289853,112.355,0.006096,0.001016
6300,15.4,0.0508,31.7,0.0289853,108.185,0.006096,0.001016
200,19.7,0.0508,71.3,0.0341183,118.005,0.006096,0.001016
250,19.7,0.0508,71.3,0.0341183,119.115,0.006096,0.001016
315,19.7,0.0508,71.3,0.0341183,121.235,0.006096,0.001016
400,19.7,0.0508,71.3,0.0341183,123.865,0.006096,0.001016
500,19.7,0.0508,71.3,0.0341183,126.995,0.006096,0.001016
630,19.7,0.0508,71.3,0.0341183,128.365,0.006096,0.001016
800,19.7,0.0508,71.3,0.0341183,124.555,0.006096,0.001016
1000,19.7,0.0508,71.3,0.0341183,121.885,0.006096,0.001016
1250,19.7,0.0508,71.3,0.0341183,121.485,0.006096,0.001016
1600,19.7,0.0508,71.3,0.0341183,120.575,0.006096,0.001016
2000,19.7,0.0508,71.3,0.0341183,120.055,0.006096,0.001016
2500,19.7,0.0508,71.3,0.0341183,118.385,0.006096,0.001016
3150,19.7,0.0508,71.3,0.0341183,116.225,0.006096,0.001016
4000,19.7,0.0508,71.3,0.0341183,113.045,0.006096,0.001016
200,19.7,0.0508,39.6,0.036484,125.974,0.006096,0.001016
250,19.7,0.0508,39.6,0.036484,127.224,0.006096,0.001016
315,19.7,0.0508,39.6,0.036484,129.864,0.006096,0.001016
400,19.7,0.0508,39.6,0.036484,130.614,0.006096,0.001016
500,19.7,0.0508,39.6,0.036484,128.444,0.006096,0.001016
630,19.7,0.0508,39.6,0.036484,120.324,0.006096,0.001016
800,19.7,0.0508,39.6,0.036484,119.174,0.006096,0.001016
1000,19.7,0.0508,39.6,0.036484,118.904,0.006096,0.001016
1250,19.7,0.0508,39.6,0.036484,118.634,0.006096,0.001016
1600,19.7,0.0508,39.6,0.036484,117.604,0.006096,0.001016
2000,19.7,0.0508,39.6,0.036484,117.724,0.006096,0.001016
2500,19.7,0.0508,39.6,0.036484,116.184,0.006096,0.001016
3150,19.7,0.0508,39.6,0.036484,113.004,0.006096,0.001016
4000,19.7,0.0508,39.6,0.036484,108.684,0.006096,0.001016
2500,0.0,0.0254,71.3,0.000400682,133.707,0.003048,0.000508
3150,0.0,0.0254,71.3,0.000400682,137.007,0.003048,0.000508
4000,0.0,0.0254,71.3,0.000400682,138.557,0.003048,0.000508
5000,0.0,0.0254,71.3,0.000400682,136.837,0.003048,0.000508
6300,0.0,0.0254,71.3,0.000400682,134.987,0.003048,0.000508
8000,0.0,0.0254,71.3,0.000400682,129.867,0.003048,0.000508
10000,0.0,0.0254,71.3,0.000400682,130.787,0.003048,0.000508
12500,0.0,0.0254,71.3,0.000400682,133.207,0.003048,0.000508
16000,0.0,0.0254,71.3,0.000400682,130.477,0.003048,0.000508
20000,0.0,0.0254,71.3,0.000400682,123.217,0.003048,0.000508
2000,0.0,0.0254,55.5,0.00041229,127.623,0.003048,0.000508
2500,0.0,0.0254,55.5,0.00041229,130.073,0.003048,0.000508
3150,0.0,0.0254,55.5,0.00041229,130.503,0.003048,0.000508
4000,0.0,0.0254,55.5,0.00041229,133.223,0.003048,0.000508
5000,0.0,0.0254,55.5,0.00041229,135.803,0.003048,0.000508
6300,0.0,0.0254,55.5,0.00041229,136.103,0.003048,0.000508
8000,0.0,0.0254,55.5,0.00041229,136.163,0.003048,0.000508
10000,0.0,0.0254,55.5,0.00041229,134.563,0.003048,0.000508
12500,0.0,0.0254,55.5,0.00041229,131.453,0.003048,0.000508
16000,0.0,0.0254,55.5,0.00041229,125.683,0.003048,0.000508
20000,0.0,0.0254,55.5,0.00041229,121.933,0.003048,0.000508
1600,0.0,0.0254,39.6,0.000428464,124.156,0.003048,0.000508
2000,0.0,0.0254,39.6,0.000428464,130.026,0.003048,0.000508
2500,0.0,0.0254,39.6,0.000428464,131.836,0.003048,0.000508
3150,0.0,0.0254,39.6,0.000428464,133.276,0.003048,0.000508
4000,0.0,0.0254,39.6,0.000428464,135.346,0.003048,0.000508
5000,0.0,0.0254,39.6,0.000428464,136.536,0.003048,0.000508
6300,0.0,0.0254,39.6,0.000428464,136.826,0.003048,0.000508
8000,0.0,0.0254,39.6,0.000428464,135.866,0.003048,0.000508
10000,0.0,0.0254,39.6,0.000428464,133.376,0.003048,0.000508
12500,0.0,0.0254,39.6,0.000428464,129.116,0.003048,0.000508
16000,0.0,0.0254,39.6,0.000428464,124.986,0.003048,0.000508
1000,0.0,0.0254,31.7,0.000439472,125.127,0.003048,0.000508
1250,0.0,0.0254,31.7,0.000439472,127.947,0.003048,0.000508
1600,0.0,0.0254,31.7,0.000439472,129.267,0.003048,0.000508
2000,0.0,0.0254,31.7,0.000439472,130.697,0.003048,0.000508
2500,0.0,0.0254,31.7,0.000439472,132.897,0.003048,0.000508
3150,0.0,0.0254,31.7,0.000439472,135.227,0.003048,0.000508
4000,0.0,0.0254,31.7,0.000439472,137.047,0.003048,0.000508
5000,0.0,0.0254,31.7,0.000439472,138.607,0.003048,0.000508
6300,0.0,0.0254,31.7,0.000439472,138.537,0.003048,0.000508
8000,0.0,0.0254,31.7,0.000439472,137.207,0.003048,0.000508
10000,0.0,0.0254,31.7,0.000439472,134.227,0.003048,0.000508
12500,0.0,0.0254,31.7,0.000439472,128.977,0.003048,0.000508
16000,0.0,0.0254,31.7,0.000439472,125.627,0.003048,0.000508
2000,4.8,0.0254,71.3,0.000848633,128.398,0.003048,0.000508
2500,4.8,0.0254,71.3,0.000848633,130.828,0.003048,0.000508
3150,4.8,0.0254,71.3,0.000848633,133.378,0.003048,0.000508
4000,4.8,0.0254,71.3,0.000848633,134.928,0.003048,0.000508
5000,4.8,0.0254,71.3,0.000848633,135.468,0.003048,0.000508
6300,4.8,0.0254,71.3,0.000848633,134.498,0.003048,0.000508
8000,4.8,0.0254,71.3,0.000848633,131.518,0.003048,0.000508
10000,4.8,0.0254,71.3,0.000848633,127.398,0.003048,0.000508
12500,4.8,0.0254,71.3,0.000848633,127.688,0.003048,0.000508
16000,4.8,0.0254,71.3,0.000848633,124.208,0.003048,0.000508
20000,4.8,0.0254,71.3,0.000848633,119.708,0.003048,0.000508
1600,4.8,0.0254,55.5,0.000873218,121.474,0.003048,0.000508
2000,4.8,0.0254,55.5,0.000873218,125.054,0.003048,0.000508
2500,4.8,0.0254,55.5,0.000873218,129.144,0.003048,0.000508
3150,4.8,0.0254,55.5,0.000873218,132.354,0.003048,0.000508
4000,4.8,0.0254,55.5,0.000873218,133.924,0.003048,0.000508
5000,4.8,0.0254,55.5,0.000873218,135.484,0.003048,0.000508
6300,4.8,0.0254,55.5,0.000873218,135.164,0.003048,0.000508
8000,4.8,0.0254,55.5,0.000873218,132.184,0.003048,0.000508
10000,4.8,0.0254,55.5,0.000873218,126.944,0.003048,0.000508
12500,4.8,0.0254,55.5,0.000873218,125.094,0.003048,0.000508
16000,4.8,0.0254,55.5,0.000873218,124.394,0.003048,0.000508
20000,4.8,0.0254,55.5,0.000873218,121.284,0.003048,0.000508
500,4.8,0.0254,39.6,0.000907475,116.366,0.003048,0.000508
630,4.8,0.0254,39.6,0.000907475,118.696,0.003048,0.000508
800,4.8,0.0254,39.6,0.000907475,120.766,0.003048,0.000508
1000,4.8,0.0254,39.6,0.000907475,122.956,0.003048,0.000508
1250,4.8,0.0254,39.6,0.000907475,125.026,0.003048,0.000508
1600,4.8,0.0254,39.6,0.000907475,125.966,0.003048,0.000508
2000,4.8,0.0254,39.6,0.000907475,128.916,0.003048,0.000508
2500,4.8,0.0254,39.6,0.000907475,131.236,0.003048,0.000508
3150,4.8,0.0254,39.6,0.000907475,133.436,0.003048,0.000508
4000,4.8,0.0254,39.6,0.000907475,134.996,0.003048,0.000508
5000,4.8,0.0254,39.6,0.000907475,135.426,0.003048,0.000508
6300,4.8,0.0254,39.6,0.000907475,134.336,0.003048,0.000508
8000,4.8,0.0254,39.6,0.000907475,131.346,0.003048,0.000508
10000,4.8,0.0254,39.6,0.000907475,126.066,0.003048,0.000508
500,4.8,0.0254,31.7,0.000930789,116.128,0.003048,0.000508
630,4.8,0.0254,31.7,0.000930789,120.078,0.003048,0.000508
800,4.8,0.0254,31.7,0.000930789,122.648,0.003048,0.000508
1000,4.8,0.0254,31.7,0.000930789,125.348,0.003048,0.000508
1250,4.8,0.0254,31.7,0.000930789,127.408,0.003048,0.000508
1600,4.8,0.0254,31.7,0.000930789,128.718,0.003048,0.000508
2000,4.8,0.0254,31.7,0.000930789,130.148,0.003048,0.000508
2500,4.8,0.0254,31.7,0.000930789,132.588,0.003048,0.000508
3150,4.8,0.0254,31.7,0.000930789,134.268,0.003048,0.000508
4000,4.8,0.0254,31.7,0.000930789,135.328,0.003048,0.000508
5000,4.8,0.0254,31.7,0.000930789,135.248,0.003048,0.000508
6300,4.8,0.0254,31.7,0.000930789,132.898,0.003048,0.000508
8000,4.8,0.0254,31.7,0.000930789,127.008,0.003048,0.000508
630,9.5,0.0254,71.3,0.00420654,125.726,0.003048,0.000508
800,9.5,0.0254,71.3,0.00420654,127.206,0.003048,0.000508
1000,9.5,0.0254,71.3,0.00420654,129.556,0.003048,0.000508
1250,9.5,0.0254,71.3,0.00420654,131.656,0.003048,0.000508
1600,9.5,0.0254,71.3,0.00420654,133.756,0.003048,0.000508
2000,9.5,0.0254,71.3,0.00420654,134.976,0.003048,0.000508
2500,9.5,0.0254,71.3,0.00420654,135.956,0.003048,0.000508
3150,9.5,0.0254,71.3,0.00420654,136.166,0.003048,0.000508
4000,9.5,0.0254,71.3,0.00420654,134.236,0.003048,0.000508
5000,9.5,0.0254,71.3,0.00420654,131.186,0.003048,0.000508
6300,9.5,0.0254,71.3,0.00420654,127.246,0.003048,0.000508
400,9.5,0.0254,55.5,0.0043284,120.952,0.003048,0.000508
500,9.5,0.0254,55.5,0.0043284,123.082,0.003048,0.000508
630,9.5,0.0254,55.5,0.0043284,125.452,0.003048,0.000508
800,9.5,0.0254,55.5,0.0043284,128.082,0.003048,0.000508
1000,9.5,0.0254,55.5,0.0043284,130.332,0.003048,0.000508
1250,9.5,0.0254,55.5,0.0043284,132.202,0.003048,0.000508
1600,9.5,0.0254,55.5,0.0043284,133.062,0.003048,0.000508
2000,9.5,0.0254,55.5,0.0043284,134.052,0.003048,0.000508
2500,9.5,0.0254,55.5,0.0043284,134.152,0.003048,0.000508
3150,9.5,0.0254,55.5,0.0043284,133.252,0.003048,0.000508
4000,9.5,0.0254,55.5,0.0043284,131.582,0.003048,0.000508
5000,9.5,0.0254,55.5,0.0043284,128.412,0.003048,0.000508
6300,9.5,0.0254,55.5,0.0043284,124.222,0.003048,0.000508
200,9.5,0.0254,39.6,0.00449821,116.074,0.003048,0.000508
250,9.5,0.0254,39.6,0.00449821,116.924,0.003048,0.000508
315,9.5,0.0254,39.6,0.00449821,119.294,0.003048,0.000508
400,9.5,0.0254,39.6,0.00449821,121.154,0.003048,0.000508
500,9.5,0.0254,39.6,0.00449821,123.894,0.003048,0.000508
630,9.5,0.0254,39.6,0.00449821,126.514,0.003048,0.000508
800,9.5,0.0254,39.6,0.00449821,129.014,0.003048,0.000508
1000,9.5,0.0254,39.6,0.00449821,130.374,0.003048,0.000508
1250,9.5,0.0254,39.6,0.00449821,130.964,0.003048,0.000508
1600,9.5,0.0254,39.6,0.00449821,131.184,0.003048,0.000508
2000,9.5,0.0254,39.6,0.00449821,131.274,0.003048,0.000508
2500,9.5,0.0254,39.6,0.00449821,131.234,0.003048,0.000508
3150,9.5,0.0254,39.6,0.00449821,129.934,0.003048,0.000508
4000,9.5,0.0254,39.6,0.00449821,127.864,0.003048,0.000508
5000,9.5,0.0254,39.6,0.00449821,125.044,0.003048,0.000508
6300,9.5,0.0254,39.6,0.00449821,120.324,0.003048,0.000508
200,9.5,0.0254,31.7,0.00461377,119.146,0.003048,0.000508
250,9.5,0.0254,31.7,0.00461377,120.136,0.003048,0.000508
315,9.5,0.0254,31.7,0.00461377,122.766,0.003048,0.000508
400,9.5,0.0254,31.7,0.00461377,124.756,0.003048,0.000508
500,9.5,0.0254,31.7,0.00461377,126.886,0.003048,0.000508
630,9.5,0.0254,31.7,0.00461377,129.006,0.003048,0.000508
800,9.5,0.0254,31.7,0.00461377,130.746,0.003048,0.000508
1000,9.5,0.0254,31.7,0.00461377,131.346,0.003048,0.000508
1250,9.5,0.0254,31.7,0.00461377,131.446,0.003048,0.000508
1600,9.5,0.0254,31.7,0.00461377,131.036,0.003048,0.000508
2000,9.5,0.0254,31.7,0.00461377,130.496,0.003048,0.000508
2500,9.5,0.0254,31.7,0.00461377,130.086,0.003048,0.000508
3150,9.5,0.0254,31.7,0.00461377,128.536,0.003048,0.000508
4000,9.5,0.0254,31.7,0.00461377,126.736,0.003048,0.000508
5000,9.5,0.0254,31.7,0.00461377,124.426,0.003048,0.000508
6300,9.5,0.0254,31.7,0.00461377,120.726,0.003048,0.000508
250,12.7,0.0254,71.3,0.0121808,119.698,0.003048,0.000508
315,12.7,0.0254,71.3,0.0121808,122.938,0.003048,0.000508
400,12.7,0.0254,71.3,0.0121808,125.048,0.003048,0.000508
500,12.7,0.0254,71.3,0.0121808,126.898,0.003048,0.000508
630,12.7,0.0254,71.3,0.0121808,128.878,0.003048,0.000508
800,12.7,0.0254,71.3,0.0121808,130.348,0.003048,0.000508
1000,12.7,0.0254,71.3,0.0121808,131.698,0.003048,0.000508
1250,12.7,0.0254,71.3,0.0121808,133.048,0.003048,0.000508
1600,12.7,0.0254,71.3,0.0121808,134.528,0.003048,0.000508
2000,12.7,0.0254,71.3,0.0121808,134.228,0.003048,0.000508
2500,12.7,0.0254,71.3,0.0121808,134.058,0.003048,0.000508
3150,12.7,0.0254,71.3,0.0121808,133.758,0.003048,0.000508
4000,12.7,0.0254,71.3,0.0121808,131.808,0.003048,0.000508
5000,12.7,0.0254,71.3,0.0121808,128.978,0.003048,0.000508
6300,12.7,0.0254,71.3,0.0121808,125.398,0.003048,0.000508
8000,12.7,0.0254,71.3,0.0121808,120.538,0.003048,0.000508
10000,12.7,0.0254,71.3,0.0121808,114.418,0.003048,0.000508
250,12.7,0.0254,39.6,0.0130253,121.547,0.003048,0.000508
315,12.7,0.0254,39.6,0.0130253,123.537,0.003048,0.000508
400,12.7,0.0254,39.6,0.0130253,125.527,0.003048,0.000508
500,12.7,0.0254,39.6,0.0130253,127.127,0.003048,0.000508
630,12.7,0.0254,39.6,0.0130253,128.867,0.003048,0.000508
800,12.7,0.0254,39.6,0.0130253,130.217,0.003048,0.000508
1000,12.7,0.0254,39.6,0.0130253,130.947,0.003048,0.000508
1250,12.7,0.0254,39.6,0.0130253,130.777,0.003048,0.000508
1600,12.7,0.0254,39.6,0.0130253,129.977,0.003048,0.000508
2000,12.7,0.0254,39.6,0.0130253,129.567,0.003048,0.000508
2500,12.7,0.0254,39.6,0.0130253,129.027,0.003048,0.000508
3150,12.7,0.0254,39.6,0.0130253,127.847,0.003048,0.000508
4000,12.7,0.0254,39.6,0.0130253,126.537,0.003048,0.000508
5000,12.7,0.0254,39.6,0.0130253,125.107,0.003048,0.000508
6300,12.7,0.0254,39.6,0.0130253,123.177,0.003048,0.000508
8000,12.7,0.0254,39.6,0.0130253,120.607,0.003048,0.000508
10000,12.7,0.0254,39.6,0.0130253,116.017,0.003048,0.000508
200,17.4,0.0254,71.3,0.016104,112.506,0.003048,0.000508
250,17.4,0.0254,71.3,0.016104,113.796,0.003048,0.000508
315,17.4,0.0254,71.3,0.016104,115.846,0.003048,0.000508
400,17.4,0.0254,71.3,0.016104,117.396,0.003048,0.000508
500,17.4,0.0254,71.3,0.016104,119.806,0.003048,0.000508
630,17.4,0.0254,71.3,0.016104,122.606,0.003048,0.000508
800,17.4,0.0254,71.3,0.016104,124.276,0.003048,0.000508
1000,17.4,0.0254,71.3,0.016104,125.816,0.003048,0.000508
1250,17.4,0.0254,71.3,0.016104,126.356,0.003048,0.000508
1600,17.4,0.0254,71.3,0.016104,126.406,0.003048,0.000508
2000,17.4,0.0254,71.3,0.016104,126.826,0.003048,0.000508
2500,17.4,0.0254,71.3,0.016104,126.746,0.003048,0.000508
3150,17.4,0.0254,71.3,0.016104,126.536,0.003048,0.000508
4000,17.4,0.0254,71.3,0.016104,125.586,0.003048,0.000508
5000,17.4,0.0254,71.3,0.016104,123.126,0.003048,0.000508
6300,17.4,0.0254,71.3,0.016104,119.916,0.003048,0.000508
8000,17.4,0.0254,71.3,0.016104,115.466,0.003048,0.000508
200,17.4,0.0254,55.5,0.0165706,109.951,0.003048,0.000508
250,17.4,0.0254,55.5,0.0165706,110.491,0.003048,0.000508
315,17.4,0.0254,55.5,0.0165706,111.911,0.003048,0.000508
400,17.4,0.0254,55.5,0.0165706,115.461,0.003048,0.000508
500,17.4,0.0254,55.5,0.0165706,119.621,0.003048,0.000508
630,17.4,0.0254,55.5,0.0165706,122.411,0.003048,0.000508
800,17.4,0.0254,55.5,0.0165706,123.091,0.003048,0.000508
1000,17.4,0.0254,55.5,0.0165706,126.001,0.003048,0.000508
1250,17.4,0.0254,55.5,0.0165706,129.301,0.003048,0.000508
1600,17.4,0.0254,55.5,0.0165706,126.471,0.003048,0.000508
2000,17.4,0.0254,55.5,0.0165706,125.261,0.003048,0.000508
2500,17.4,0.0254,55.5,0.0165706,124.931,0.003048,0.000508
3150,17.4,0.0254,55.5,0.0165706,124.101,0.003048,0.000508
4000,17.4,0.0254,55.5,0.0165706,121.771,0.003048,0.000508
5000,17.4,0.0254,55.5,0.0165706,118.941,0.003048,0.000508
6300,17.4,0.0254,55.5,0.0165706,114.861,0.003048,0.000508
200,17.4,0.0254,39.6,0.0172206,114.044,0.003048,0.000508
250,17.4,0.0254,39.6,0.0172206,114.714,0.003048,0.000508
315,17.4,0.0254,39.6,0.0172206,115.144,0.003048,0.000508
400,17.4,0.0254,39.6,0.0172206,115.444,0.003048,0.000508
500,17.4,0.0254,39.6,0.0172206,117.514,0.003048,0.000508
630,17.4,0.0254,39.6,0.0172206,124.514,0.003048,0.000508
800,17.4,0.0254,39.6,0.0172206,135.324,0.003048,0.000508
1000,17.4,0.0254,39.6,0.0172206,138.274,0.003048,0.000508
1250,17.4,0.0254,39.6,0.0172206,131.364,0.003048,0.000508
1600,17.4,0.0254,39.6,0.0172206,127.614,0.003048,0.000508
2000,17.4,0.0254,39.6,0.0172206,126.644,0.003048,0.000508
2500,17.4,0.0254,39.6,0.0172206,124.154,0.003048,0.000508
3150,17.4,0.0254,39.6,0.0172206,123.564,0.003048,0.000508
4000,17.4,0.0254,39.6,0.0172206,122.724,0.003048,0.000508
5000,17.4,0.0254,39.6,0.0172206,119.854,0.003048,0.000508
200,17.4,0.0254,31.7,0.0176631,116.146,0.003048,0.000508
250,17.4,0.0254,31.7,0.0176631,116.956,0.003048,0.000508
315,17.4,0.0254,31.7,0.0176631,118.416,0.003048,0.000508
400,17.4,0.0254,31.7,0.0176631,120.766,0.003048,0.000508
500,17.4,0.0254,31.7,0.0176631,127.676,0.003048,0.000508
630,17.4,0.0254,31.7,0.0176631,136.886,0.003048,0.000508
800,17.4,0.0254,31.7,0.0176631,139.226,0.003048,0.000508
1000,17.4,0.0254,31.7,0.0176631,131.796,0.003048,0.000508
1250,17.4,0.0254,31.7,0.0176631,128.306,0.003048,0.000508
1600,17.4,0.0254,31.7,0.0176631,126.846,0.003048,0.000508
2000,17.4,0.0254,31.7,0.0176631,124.356,0.003048,0.000508
2500,17.4,0.0254,31.7,0.0176631,124.166,0.003048,0.000508
3150,17.4,0.0254,31.7,0.0176631,123.466,0.003048,0.000508
4000,17.4,0.0254,31.7,0.0176631,121.996,0.003048,0.000508
5000,17.4,0.0254,31.7,0.0176631,117.996,0.003048,0.000508
315,22.2,0.0254,71.3,0.0214178,115.857,0.003048,0.000508
400,22.2,0.0254,71.3,0.0214178,117.927,0.003048,0.000508
500,22.2,0.0254,71.3,0.0214178,117.967,0.003048,0.000508
630,22.2,0.0254,71.3,0.0214178,120.657,0.003048,0.000508
800,22.2,0.0254,71.3,0.0214178,123.227,0.003048,0.000508
1000,22.2,0.0254,71.3,0.0214178,134.247,0.003048,0.000508
1250,22.2,0.0254,71.3,0.0214178,140.987,0.003048,0.000508
1600,22.2,0.0254,71.3,0.0214178,131.817,0.003048,0.000508
2000,22.2,0.0254,71.3,0.0214178,127.197,0.003048,0.000508
2500,22.2,0.0254,71.3,0.0214178,126.097,0.003048,0.000508
3150,22.2,0.0254,71.3,0.0214178,124.127,0.003048,0.000508
4000,22.2,0.0254,71.3,0.0214178,123.917,0.003048,0.000508
5000,22.2,0.0254,71.3,0.0214178,125.727,0.003048,0.000508
6300,22.2,0.0254,71.3,0.0214178,123.127,0.003048,0.000508
8000,22.2,0.0254,71.3,0.0214178,121.657,0.003048,0.000508
200,22.2,0.0254,39.6,0.0229028,116.066,0.003048,0.000508
250,22.2,0.0254,39.6,0.0229028,117.386,0.003048,0.000508
315,22.2,0.0254,39.6,0.0229028,120.716,0.003048,0.000508
400,22.2,0.0254,39.6,0.0229028,123.416,0.003048,0.000508
500,22.2,0.0254,39.6,0.0229028,129.776,0.003048,0.000508
630,22.2,0.0254,39.6,0.0229028,137.026,0.003048,0.000508
800,22.2,0.0254,39.6,0.0229028,137.076,0.003048,0.000508
1000,22.2,0.0254,39.6,0.0229028,128.416,0.003048,0.000508
1250,22.2,0.0254,39.6,0.0229028,126.446,0.003048,0.000508
1600,22.2,0.0254,39.6,0.0229028,122.216,0.003048,0.000508
2000,22.2,0.0254,39.6,0.0229028,121.256,0.003048,0.000508
2500,22.2,0.0254,39.6,0.0229028,121.306,0.003048,0.000508
3150,22.2,0.0254,39.6,0.0229028,120.856,0.003048,0.000508
4000,22.2,0.0254,39.6,0.0229028,119.646,0.003048,0.000508
5000,22.2,0.0254,39.6,0.0229028,118.816,0.003048,0.000508
630,0.0,0.1016,71.3,0.00121072,124.155,0.012192,0.002032
800,0.0,0.1016,71.3,0.00121072,126.805,0.012192,0.002032
1000,0.0,0.1016,71.3,0.00121072,128.825,0.012192,0.002032
1250,0.0,0.1016,71.3,0.00121072,130.335,0.012192,0.002032
1600,0.0,0.1016,71.3,0.00121072,131.725,0.012192,0.002032
2000,0.0,0.1016,71.3,0.00121072,132.095,0.012192,0.002032
2500,0.0,0.1016,71.3,0.00121072,132.595,0.012192,0.002032
3150,0.0,0.1016,71.3,0.00121072,131.955,0.012192,0.002032
4000,0.0,0.1016,71.3,0.00121072,130.935,0.012192,0.002032
5000,0.0,0.1016,71.3,0.00121072,130.795,0.012192,0.002032
6300,0.0,0.1016,71.3,0.00121072,129.395,0.012192,0.002032
8000,0.0,0.1016,71.3,0.00121072,125.465,0.012192,0.002032
10000,0.0,0.1016,71.3,0.00121072,123.305,0.012192,0.002032
12500,0.0,0.1016,71.3,0.00121072,119.375,0.012192,0.002032
630,0.0,0.1016,55.5,0.00131983,126.17,0.012192,0.002032
800,0.0,0.1016,55.5,0.00131983,127.92,0.012192,0.002032
1000,0.0,0.1016,55.5,0.00131983,129.8,0.012192,0.002032
1250,0.0,0.1016,55.5,0.00131983,131.43,0.012192,0.002032
1600,0.0,0.1016,55.5,0.00131983,132.05,0.012192,0.002032
2000,0.0,0.1016,55.5,0.00131983,132.54,0.012192,0.002032
2500,0.0,0.1016,55.5,0.00131983,133.04,0.012192,0.002032
3150,0.0,0.1016,55.5,0.00131983,131.78,0.012192,0.002032
4000,0.0,0.1016,55.5,0.00131983,129.5,0.012192,0.002032
5000,0.0,0.1016,55.5,0.00131983,128.36,0.012192,0.002032
6300,0.0,0.1016,55.5,0.00131983,127.73,0.012192,0.002032
8000,0.0,0.1016,55.5,0.00131983,124.45,0.012192,0.002032
10000,0.0,0.1016,55.5,0.00131983,121.93,0.012192,0.002032
12500,0.0,0.1016,55.5,0.00131983,119.91,0.012192,0.002032
630,0.0,0.1016,39.6,0.00146332,125.401,0.012192,0.002032
800,0.0,0.1016,39.6,0.00146332,128.401,0.012192,0.002032
1000,0.0,0.1016,39.6,0.00146332,130.781,0.012192,0.002032
1250,0.0,0.1016,39.6,0.00146332,132.271,0.012192,0.002032
1600,0.0,0.1016,39.6,0.00146332,133.261,0.012192,0.002032
2000,0.0,0.1016,39.6,0.00146332,133.251,0.012192,0.002032
2500,0.0,0.1016,39.6,0.00146332,132.611,0.012192,0.002032
3150,0.0,0.1016,39.6,0.00146332,130.961,0.012192,0.002032
4000,0.0,0.1016,39.6,0.00146332,127.801,0.012192,0.002032
5000,0.0,0.1016,39.6,0.00146332,126.021,0.012192,0.002032
6300,0.0,0.1016,39.6,0.00146332,125.631,0.012192,0.002032
8000,0.0,0.1016,39.6,0.00146332,122.341,0.012192,0.002032
10000,0.0,0.1016,39.6,0.00146332,119.561,0.012192,0.002032
630,0.0,0.1016,31.7,0.00150092,126.413,0.012192,0.002032
800,0.0,0.1016,31.7,0.00150092,129.053,0.012192,0.002032
1000,0.0,0.1016,31.7,0.00150092,131.313,0.012192,0.002032
1250,0.0,0.1016,31.7,0.00150092,133.063,0.012192,0.002032
1600,0.0,0.1016,31.7,0.00150092,133.553,0.012192,0.002032
2000,0.0,0.1016,31.7,0.00150092,133.153,0.012192,0.002032
2500,0.0,0.1016,31.7,0.00150092,132.003,0.012192,0.002032
3150,0.0,0.1016,31.7,0.00150092,129.973,0.012192,0.002032
4000,0.0,0.1016,31.7,0.00150092,126.933,0.012192,0.002032
5000,0.0,0.1016,31.7,0.00150092,124.393,0.012192,0.002032
6300,0.0,0.1016,31.7,0.00150092,124.253,0.012192,0.002032
8000,0.0,0.1016,31.7,0.00150092,120.193,0.012192,0.002032
10000,0.0,0.1016,31.7,0.00150092,115.893,0.012192,0.002032
800,3.3,0.1016,71.3,0.00202822,131.074,0.012192,0.002032
1000,3.3,0.1016,71.3,0.00202822,131.434,0.012192,0.002032
1250,3.3,0.1016,71.3,0.00202822,132.304,0.012192,0.002032
1600,3.3,0.1016,71.3,0.00202822,133.664,0.012192,0.002032
2000,3.3,0.1016,71.3,0.00202822,134.034,0.012192,0.002032
2500,3.3,0.1016,71.3,0.00202822,133.894,0.012192,0.002032
3150,3.3,0.1016,71.3,0.00202822,132.114,0.012192,0.002032
4000,3.3,0.1016,71.3,0.00202822,128.704,0.012192,0.002032
5000,3.3,0.1016,71.3,0.00202822,127.054,0.012192,0.002032
6300,3.3,0.1016,71.3,0.00202822,124.904,0.012192,0.002032
8000,3.3,0.1016,71.3,0.00202822,121.234,0.012192,0.002032
10000,3.3,0.1016,71.3,0.00202822,116.694,0.012192,0.002032
630,3.3,0.1016,55.5,0.002211,126.599,0.012192,0.002032
800,3.3,0.1016,55.5,0.002211,129.119,0.012192,0.002032
1000,3.3,0.1016,55.5,0.002211,131.129,0.012192,0.002032
1250,3.3,0.1016,55.5,0.002211,132.769,0.012192,0.002032
1600,3.3,0.1016,55.5,0.002211,133.649,0.012192,0.002032
2000,3.3,0.1016,55.5,0.002211,133.649,0.012192,0.002032
2500,3.3,0.1016,55.5,0.002211,132.889,0.012192,0.002032
3150,3.3,0.1016,55.5,0.002211,130.629,0.012192,0.002032
4000,3.3,0.1016,55.5,0.002211,127.229,0.012192,0.002032
5000,3.3,0.1016,55.5,0.002211,124.839,0.012192,0.002032
6300,3.3,0.1016,55.5,0.002211,123.839,0.012192,0.002032
8000,3.3,0.1016,55.5,0.002211,120.569,0.012192,0.002032
10000,3.3,0.1016,55.5,0.002211,115.659,0.012192,0.002032
630,3.3,0.1016,39.6,0.00245138,127.251,0.012192,0.002032
800,3.3,0.1016,39.6,0.00245138,129.991,0.012192,0.002032
1000,3.3,0.1016,39.6,0.00245138,131.971,0.012192,0.002032
1250,3.3,0.1016,39.6,0.00245138,133.211,0.012192,0.002032
1600,3.3,0.1016,39.6,0.00245138,133.071,0.012192,0.002032
2000,3.3,0.1016,39.6,0.00245138,132.301,0.012192,0.002032
2500,3.3,0.1016,39.6,0.00245138,130.791,0.012192,0.002032
3150,3.3,0.1016,39.6,0.00245138,128.401,0.012192,0.002032
4000,3.3,0.1016,39.6,0.00245138,124.881,0.012192,0.002032
5000,3.3,0.1016,39.6,0.00245138,122.371,0.012192,0.002032
6300,3.3,0.1016,39.6,0.00245138,120.851,0.012192,0.002032
8000,3.3,0.1016,39.6,0.00245138,118.091,0.012192,0.002032
10000,3.3,0.1016,39.6,0.00245138,115.321,0.012192,0.002032
630,3.3,0.1016,31.7,0.00251435,128.952,0.012192,0.002032
800,3.3,0.1016,31.7,0.00251435,131.362,0.012192,0.002032
1000,3.3,0.1016,31.7,0.00251435,133.012,0.012192,0.002032
1250,3.3,0.1016,31.7,0.00251435,134.022,0.012192,0.002032
1600,3.3,0.1016,31.7,0.00251435,133.402,0.012192,0.002032
2000,3.3,0.1016,31.7,0.00251435,131.642,0.012192,0.002032
2500,3.3,0.1016,31.7,0.00251435,130.392,0.012192,0.002032
3150,3.3,0.1016,31.7,0.00251435,128.252,0.012192,0.002032
4000,3.3,0.1016,31.7,0.00251435,124.852,0.012192,0.002032
5000,3.3,0.1016,31.7,0.00251435,122.082,0.012192,0.002032
6300,3.3,0.1016,31.7,0.00251435,120.702,0.012192,0.002032
8000,3.3,0.1016,31.7,0.00251435,117.432,0.012192,0.002032
630,6.7,0.1016,71.3,0.00478288,131.448,0.012192,0.002032
800,6.7,0.1016,71.3,0.00478288,134.478,0.012192,0.002032
1000,6.7,0.1016,71.3,0.00478288,136.758,0.012192,0.002032
1250,6.7,0.1016,71.3,0.00478288,137.658,0.012192,0.002032
1600,6.7,0.1016,71.3,0.00478288,136.678,0.012192,0.002032
2000,6.7,0.1016,71.3,0.00478288,134.568,0.012192,0.002032
2500,6.7,0.1016,71.3,0.00478288,131.458,0.012192,0.002032
3150,6.7,0.1016,71.3,0.00478288,124.458,0.012192,0.002032
500,6.7,0.1016,55.5,0.0052139,129.343,0.012192,0.002032
630,6.7,0.1016,55.5,0.0052139,133.023,0.012192,0.002032
800,6.7,0.1016,55.5,0.0052139,135.953,0.012192,0.002032
1000,6.7,0.1016,55.5,0.0052139,137.233,0.012192,0.002032
1250,6.7,0.1016,55.5,0.0052139,136.883,0.012192,0.002032
1600,6.7,0.1016,55.5,0.0052139,133.653,0.012192,0.002032
2000,6.7,0.1016,55.5,0.0052139,129.653,0.012192,0.002032
2500,6.7,0.1016,55.5,0.0052139,124.273,0.012192,0.002032
400,6.7,0.1016,39.6,0.00578076,128.295,0.012192,0.002032
500,6.7,0.1016,39.6,0.00578076,130.955,0.012192,0.002032
630,6.7,0.1016,39.6,0.00578076,133.355,0.012192,0.002032
800,6.7,0.1016,39.6,0.00578076,134.625,0.012192,0.002032
1000,6.7,0.1016,39.6,0.00578076,134.515,0.012192,0.002032
1250,6.7,0.1016,39.6,0.00578076,132.395,0.012192,0.002032
1600,6.7,0.1016,39.6,0.00578076,127.375,0.012192,0.002032
2000,6.7,0.1016,39.6,0.00578076,122.235,0.012192,0.002032
315,6.7,0.1016,31.7,0.00592927,126.266,0.012192,0.002032
400,6.7,0.1016,31.7,0.00592927,128.296,0.012192,0.002032
500,6.7,0.1016,31.7,0.00592927,130.206,0.012192,0.002032
630,6.7,0.1016,31.7,0.00592927,132.116,0.012192,0.002032
800,6.7,0.1016,31.7,0.00592927,132.886,0.012192,0.002032
1000,6.7,0.1016,31.7,0.00592927,131.636,0.012192,0.002032
1250,6.7,0.1016,31.7,0.00592927,129.256,0.012192,0.002032
1600,6.7,0.1016,31.7,0.00592927,124.346,0.012192,0.002032
2000,6.7,0.1016,31.7,0.00592927,120.446,0.012192,0.002032
200,8.9,0.1016,71.3,0.0103088,133.503,0.012192,0.002032
250,8.9,0.1016,71.3,0.0103088,134.533,0.012192,0.002032
315,8.9,0.1016,71.3,0.0103088,136.583,0.012192,0.002032
400,8.9,0.1016,71.3,0.0103088,138.123,0.012192,0.002032
500,8.9,0.1016,71.3,0.0103088,138.523,0.012192,0.002032
630,8.9,0.1016,71.3,0.0103088,138.423,0.012192,0.002032
800,8.9,0.1016,71.3,0.0103088,137.813,0.012192,0.002032
1000,8.9,0.1016,71.3,0.0103088,135.433,0.012192,0.002032
1250,8.9,0.1016,71.3,0.0103088,132.793,0.012192,0.002032
1600,8.9,0.1016,71.3,0.0103088,128.763,0.012192,0.002032
2000,8.9,0.1016,71.3,0.0103088,124.233,0.012192,0.002032
2500,8.9,0.1016,71.3,0.0103088,123.623,0.012192,0.002032
3150,8.9,0.1016,71.3,0.0103088,123.263,0.012192,0.002032
4000,8.9,0.1016,71.3,0.0103088,120.243,0.012192,0.002032
5000,8.9,0.1016,71.3,0.0103088,116.723,0.012192,0.002032
6300,8.9,0.1016,71.3,0.0103088,117.253,0.012192,0.002032
200,8.9,0.1016,39.6,0.0124596,133.42,0.012192,0.002032
250,8.9,0.1016,39.6,0.0124596,134.34,0.012192,0.002032
315,8.9,0.1016,39.6,0.0124596,135.38,0.012192,0.002032
400,8.9,0.1016,39.6,0.0124596,135.54,0.012192,0.002032
500,8.9,0.1016,39.6,0.0124596,133.79,0.012192,0.002032
630,8.9,0.1016,39.6,0.0124596,131.92,0.012192,0.002032
800,8.9,0.1016,39.6,0.0124596,130.94,0.012192,0.002032
1000,8.9,0.1016,39.6,0.0124596,129.58,0.012192,0.002032
1250,8.9,0.1016,39.6,0.0124596,127.71,0.012192,0.002032
1600,8.9,0.1016,39.6,0.0124596,123.82,0.012192,0.002032
2000,8.9,0.1016,39.6,0.0124596,119.04,0.012192,0.002032
2500,8.9,0.1016,39.6,0.0124596,119.19,0.012192,0.002032
3150,8.9,0.1016,39.6,0.0124596,119.35,0.012192,0.002032
4000,8.9,0.1016,39.6,0.0124596,116.22,0.012192,0.002032
5000,8.9,0.1016,39.6,0.0124596,113.08,0.012192,0.002032
6300,8.9,0.1016,39.6,0.0124596,113.11,0.012192,0.002032
200,12.3,0.1016,71.3,0.0337792,130.588,0.012192,0.002032
250,12.3,0.1016,71.3,0.0337792,131.568,0.012192,0.002032
315,12.3,0.1016,71.3,0.0337792,137.068,0.012192,0.002032
400,12.3,0.1016,71.3,0.0337792,139.428,0.012192,0.002032
500,12.3,0.1016,71.3,0.0337792,140.158,0.012192,0.002032
630,12.3,0.1016,71.3,0.0337792,135.368,0.012192,0.002032
800,12.3,0.1016,71.3,0.0337792,127.318,0.012192,0.002032
1000,12.3,0.1016,71.3,0.0337792,127.928,0.012192,0.002032
1250,12.3,0.1016,71.3,0.0337792,126.648,0.012192,0.002032
1600,12.3,0.1016,71.3,0.0337792,124.748,0.012192,0.002032
2000,12.3,0.1016,71.3,0.0337792,122.218,0.012192,0.002032
2500,12.3,0.1016,71.3,0.0337792,121.318,0.012192,0.002032
3150,12.3,0.1016,71.3,0.0337792,120.798,0.012192,0.002032
4000,12.3,0.1016,71.3,0.0337792,118.018,0.012192,0.002032
5000,12.3,0.1016,71.3,0.0337792,116.108,0.012192,0.002032
6300,12.3,0.1016,71.3,0.0337792,113.958,0.012192,0.002032
200,12.3,0.1016,55.5,0.0368233,132.304,0.012192,0.002032
250,12.3,0.1016,55.5,0.0368233,133.294,0.012192,0.002032
315,12.3,0.1016,55.5,0.0368233,135.674,0.012192,0.002032
400,12.3,0.1016,55.5,0.0368233,136.414,0.012192,0.002032
500,12.3,0.1016,55.5,0.0368233,133.774,0.012192,0.002032
630,12.3,0.1016,55.5,0.0368233,124.244,0.012192,0.002032
800,12.3,0.1016,55.5,0.0368233,125.114,0.012192,0.002032
1000,12.3,0.1016,55.5,0.0368233,125.484,0.012192,0.002032
1250,12.3,0.1016,55.5,0.0368233,124.214,0.012192,0.002032
1600,12.3,0.1016,55.5,0.0368233,121.824,0.012192,0.002032
2000,12.3,0.1016,55.5,0.0368233,118.564,0.012192,0.002032
2500,12.3,0.1016,55.5,0.0368233,117.054,0.012192,0.002032
3150,12.3,0.1016,55.5,0.0368233,116.914,0.012192,0.002032
4000,12.3,0.1016,55.5,0.0368233,114.404,0.012192,0.002032
5000,12.3,0.1016,55.5,0.0368233,112.014,0.012192,0.002032
6300,12.3,0.1016,55.5,0.0368233,110.124,0.012192,0.002032
200,12.3,0.1016,39.6,0.0408268,128.545,0.012192,0.002032
250,12.3,0.1016,39.6,0.0408268,129.675,0.012192,0.002032
315,12.3,0.1016,39.6,0.0408268,129.415,0.012192,0.002032
400,12.3,0.1016,39.6,0.0408268,128.265,0.012192,0.002032
500,12.3,0.1016,39.6,0.0408268,122.205,0.012192,0.002032
630,12.3,0.1016,39.6,0.0408268,121.315,0.012192,0.002032
800,12.3,0.1016,39.6,0.0408268,122.315,0.012192,0.002032
1000,12.3,0.1016,39.6,0.0408268,122.435,0.012192,0.002032
1250,12.3,0.1016,39.6,0.0408268,121.165,0.012192,0.002032
1600,12.3,0.1016,39.6,0.0408268,117.875,0.012192,0.002032
2000,12.3,0.1016,39.6,0.0408268,114.085,0.012192,0.002032
2500,12.3,0.1016,39.6,0.0408268,113.315,0.012192,0.002032
3150,12.3,0.1016,39.6,0.0408268,113.055,0.012192,0.002032
4000,12.3,0.1016,39.6,0.0408268,110.905,0.012192,0.002032
5000,12.3,0.1016,39.6,0.0408268,108.625,0.012192,0.002032
6300,12.3,0.1016,39.6,0.0408268,107.985,0.012192,0.002032
200,12.3,0.1016,31.7,0.0418756,124.987,0.012192,0.002032
250,12.3,0.1016,31.7,0.0418756,125.857,0.012192,0.002032
315,12.3,0.1016,31.7,0.0418756,124.717,0.012192,0.002032
400,12.3,0.1016,31.7,0.0418756,123.207,0.012192,0.002032
500,12.3,0.1016,31.7,0.0418756,118.667,0.012192,0.002032
630,12.3,0.1016,31.7,0.0418756,119.287,0.012192,0.002032
800,12.3,0.1016,31.7,0.0418756,120.037,0.012192,0.002032
1000,12.3,0.1016,31.7,0.0418756,119.777,0.012192,0.002032
1250,12.3,0.1016,31.7,0.0418756,118.767,0.012192,0.002032
1600,12.3,0.1016,31.7,0.0418756,114.477,0.012192,0.002032
2000,12.3,0.1016,31.7,0.0418756,110.447,0.012192,0.002032
2500,12.3,0.1016,31.7,0.0418756,110.317,0.012192,0.002032
3150,12.3,0.1016,31.7,0.0418756,110.307,0.012192,0.002032
4000,12.3,0.1016,31.7,0.0418756,108.407,0.012192,0.002032
5000,12.3,0.1016,31.7,0.0418756,107.147,0.012192,0.002032
6300,12.3,0.1016,31.7,0.0418756,107.267,0.012192,0.002032
200,15.6,0.1016,71.3,0.0437259,130.898,0.012192,0.002032
250,15.6,0.1016,71.3,0.0437259,132.158,0.012192,0.002032
315,15.6,0.1016,71.3,0.0437259,133.808,0.012192,0.002032
400,15.6,0.1016,71.3,0.0437259,134.058,0.012192,0.002032
500,15.6,0.1016,71.3,0.0437259,130.638,0.012192,0.002032
630,15.6,0.1016,71.3,0.0437259,122.288,0.012192,0.002032
800,15.6,0.1016,71.3,0.0437259,124.188,0.012192,0.002032
1000,15.6,0.1016,71.3,0.0437259,124.438,0.012192,0.002032
1250,15.6,0.1016,71.3,0.0437259,123.178,0.012192,0.002032
1600,15.6,0.1016,71.3,0.0437259,121.528,0.012192,0.002032
2000,15.6,0.1016,71.3,0.0437259,119.888,0.012192,0.002032
2500,15.6,0.1016,71.3,0.0437259,118.998,0.012192,0.002032
3150,15.6,0.1016,71.3,0.0437259,116.468,0.012192,0.002032
4000,15.6,0.1016,71.3,0.0437259,113.298,0.012192,0.002032
200,15.6,0.1016,39.6,0.0528487,123.514,0.012192,0.002032
250,15.6,0.1016,39.6,0.0528487,124.644,0.012192,0.002032
315,15.6,0.1016,39.6,0.0528487,122.754,0.012192,0.002032
400,15.6,0.1016,39.6,0.0528487,120.484,0.012192,0.002032
500,15.6,0.1016,39.6,0.0528487,115.304,0.012192,0.002032
630,15.6,0.1016,39.6,0.0528487,118.084,0.012192,0.002032
800,15.6,0.1016,39.6,0.0528487,118.964,0.012192,0.002032
1000,15.6,0.1016,39.6,0.0528487,119.224,0.012192,0.002032
1250,15.6,0.1016,39.6,0.0528487,118.214,0.012192,0.002032
1600,15.6,0.1016,39.6,0.0528487,114.554,0.012192,0.002032
2000,15.6,0.1016,39.6,0.0528487,110.894,0.012192,0.002032
2500,15.6,0.1016,39.6,0.0528487,110.264,0.012192,0.002032
3150,15.6,0.1016,39.6,0.0528487,109.254,0.012192,0.002032
4000,15.6,0.1016,39.6,0.0528487,106.604,0.012192,0.002032
5000,15.6,0.1016,39.6,0.0528487,106.224,0.012192,0.002032
6300,15.6,0.1016,39.6,0.0528487,104.204,0.012192,0.002032
